Interval,baseMean,log2FoldChange,lfcSE,stat,pvalue,padj,Chr,Start,End,Strand,Annotation,Distance.to.TSS,Nearest.PromoterID,Entrez.ID,Nearest.Unigene,Gene.Name,gc_content,length
Interval_66359,1243.6627277765,-0.696126850842245,0.16688424032438,-4.17131569457458,3.02845950112468e-05,0.999992750496548,chr6,117675033,117679355,+,intron (NUS1, intron 1 of 4),1740,NUS1,NUS1,NM_138459,NUS1,0.479296784640296,4322
Interval_77548,1090.47032343955,-0.659387234949624,0.195812130469018,-3.36744834638299,0.00075867237173882,0.999992750496548,chr9,73219494,73220808,+,Intergenic,68286,ANXA1,ANXA1,NM_000700,ANXA1,0.428897338403042,1314
Interval_32813,49.5031407806942,1.17987445991567,0.36568256189292,3.22649910842936,0.00125314622396135,0.999992750496548,chr17,80426634,80427467,+,intron (ENDOV, intron 7 of 8),7623,MIR4730,MIR4730,rna71544,MIR4730,0.361111111111111,833
Interval_35460,747.927664515302,0.491715305081269,0.155613596150675,3.15984796473156,0.00157851485014749,0.999992750496548,chr19,10870947,10871844,+,promoter-TSS (CARM1),-275,CARM1,CARM1,XM_005259708,CARM1,0.460743801652893,897
Interval_26124,91.6562517930765,0.839023779068475,0.26913266274377,3.11751004324315,0.00182385732393249,0.999992750496548,chr15,72196827,72198136,+,intron (GRAMD2, intron 1 of 11),314,GRAMD2,GRAMD2,NM_001012642,GRAMD2,0.399034593724859,1309
Interval_21996,92.8456330925864,0.784451488456532,0.264488663543311,2.96591724555361,0.00301781680270823,0.999992750496548,chr14,20662956,20664112,+,promoter-TSS (TRNAY2),-249,TRNAY2,TRNAY2,rna57576,TRNAY2,0.392212725546059,1156
Interval_43723,33.2553228319407,1.28013064248734,0.447815106450009,2.85861424514103,0.00425495861757859,0.999992750496548,chr2,226307552,226308549,+,Intergenic,165256,LOC646736,LOC646736,rna14246,LOC646736,0.35871743486974,997
Interval_12196,10.9215954698265,-1.8635264315283,0.656075572573791,-2.8404142898015,0.00450549785540575,0.999992750496548,chr11,10130897,10131493,+,intron (SBF2, intron 2 of 39),163009,SBF2,SBF2,NM_030962,SBF2,0.470932852636323,596
Interval_15693,84.9624938117497,0.729143615053033,0.257381970044282,2.83292421348545,0.00461243199885247,0.999992750496548,chr11,130861763,130862774,+,promoter-TSS (RP11-890B15.2),-110,RP11-890B15.2,RP11-890B15,rna51315,RP11-890B15.2,0.459685863874346,1011
Interval_11824,122.763009426375,0.705524316803214,0.250620305045971,2.81511235362115,0.00487601834812075,0.999992750496548,chr11,925478,926793,+,intron (AP2A2, intron 1 of 20),287,AP2A2,AP2A2,NM_012305,AP2A2,0.497348886532344,1315
Interval_13631,1822.28995795886,0.449138256726491,0.16185532064845,2.77493662196017,0.00552124662226643,0.999992750496548,chr11,65418419,65423327,+,Intergenic,-1925,NEAT1,NEAT1,rna49012,NEAT1,0.459685863874346,4908
Interval_27922,1574.09637268322,0.434994109195438,0.156857365690928,2.77318254886768,0.00555109713623109,0.999992750496548,chr16,22190066,22192432,+,Intergenic,4543,TRNAL7,TRNAL7,rna64518,TRNAL7,0.495481927710843,2366
Interval_52037,49.6675888412923,1.065484594196,0.384863886762135,2.76847122020187,0.00563199595743416,0.999992750496548,chr3,120033025,120034463,+,intron (GSK3B, intron 1 of 9),60148,GSK3B,GSK3B,NM_001146156,GSK3B,0.373175816539263,1438
Interval_27191,118.563253302365,0.749590757758515,0.271996769372073,2.75588110656243,0.00585342695268871,0.999992750496548,chr16,424406,426682,+,promoter-TSS (RAB11FIP3),-105,RAB11FIP3,RAB11FIP3,XM_005255715,RAB11FIP3,0.370165745856354,2276
Interval_79888,3067.06424956118,0.305869534273078,0.111748966437555,2.73711287024742,0.00619810231219491,0.999992750496548,chrUn_KI270438v1,103891,105051,+,NA,NA,NA,,,,0.37984496124031,1160
Interval_44735,73.0666188159509,0.827800905061024,0.306170983096638,2.70372096234783,0.00685678423616813,0.999992750496548,chr20,10551897,10553847,+,intron (SLX4IP, intron 2 of 7),-48903,SLX4IP,SLX4IP,XM_005260664,SLX4IP,0.397744746283957,1950
Interval_43712,16.6761614062602,-1.92110452958016,0.713315412507655,-2.69320485145068,0.00707687726022572,0.999992750496548,chr2,226023781,226024486,+,Intergenic,-118661,LOC646736,LOC646736,rna14246,LOC646736,0.398016997167139,705
Interval_20866,84.3006241746264,0.798308174031803,0.297146440451529,2.68658164916508,0.00721873028097179,0.999992750496548,chr13,48768985,48769706,+,Intergenic,62530,CYSLTR2,CYSLTR2,NM_020377,CYSLTR2,0.404761904761905,721
Interval_52763,64.7093409491714,-0.876358131890787,0.327654843208235,-2.67463811402853,0.00748099546952752,0.999992750496548,chr3,141020139,141021147,+,Intergenic,-31258,SPSB4,SPSB4,NM_080862,SPSB4,0.476709613478692,1008
Interval_69368,48.6736691993678,0.960488274532384,0.359188583278255,2.67405012087569,0.00749412502470896,0.999992750496548,chr7,43591086,43593591,+,intron (STK17A, intron 1 of 6),9245,STK17A,STK17A,NM_004760,STK17A,0.377494014365523,2505
Interval_69302,256.514150797051,0.673622016454644,0.257154290930376,2.61952469864493,0.00880523961965908,0.999992750496548,chr7,41680105,41683842,+,Intergenic,-11975,INHBA-AS1,INHBA-AS1,rna32649,INHBA-AS1,0.396736222578919,3737
Interval_28486,221.119958518652,-0.510581277965363,0.195500952598514,-2.61165621537357,0.00901048117347362,0.999992750496548,chr16,50588808,50589641,+,intron (NKD1, intron 3 of 9),-18465,NKD1,NKD1,NM_033119,NKD1,0.704663212435233,833
Interval_24223,51.2007072966405,0.961025943434059,0.368706047350156,2.60648272611971,0.00914774379220549,0.999992750496548,chr14,99272302,99274697,+,Intergenic,-1786,BCL11B,BCL11B,NM_001282238,BCL11B,0.434702636419375,2395
Interval_19375,153.257581877675,0.609033679506747,0.23406883346563,2.60194264434686,0.00926973537644182,0.999992750496548,chr12,120902778,120904790,+,intron (SPPL3, intron 1 of 10),-1836,SPPL3,SPPL3,NM_139015,SPPL3,0.437138728323699,2012
Interval_39985,1695.35374798814,-0.491817630315745,0.189707394866076,-2.5925063736337,0.00952794158366117,0.999992750496548,chr2,88626960,88628394,+,promoter-TSS (EIF2AK3),-189,LOC101928403,LOC101928403,rna10971,LOC101928403,0.606271777003484,1434
Interval_72871,74.2800635265139,-0.685088907207039,0.26587418369289,-2.57674098963434,0.0099736654440666,0.999992750496548,chr8,20078555,20080688,+,Intergenic,103519,SLC18A1,SLC18A1,NM_001135691,SLC18A1,0.400656044985942,2133
Interval_24477,69.8278913279638,0.821159402343247,0.320359331286973,2.56324483836454,0.0103698892538767,0.999992750496548,chr14,105528066,105529439,+,exon (TMEM121, exon 2 of 2),1632,TMEM121,TMEM121,XM_005268101,TMEM121,0.438444924406048,1373
Interval_8945,99.6034548410169,0.805480988477595,0.315903835502506,2.54976640975669,0.0107795116916168,0.999992750496548,chr10,41875103,41875474,+,Intergenic,-367235,LOC101929373,LOC101929373,XM_006718091,LOC101929373,0.395256916996047,371
Interval_76205,359.365241733241,0.434908601369445,0.170685644560766,2.54800925109208,0.0108339598026424,0.999992750496548,chr8,143023929,143026974,+,Intergenic,6966,LY6E,LY6E,NM_001127213,LY6E,0.643138542350624,3045
Interval_54968,39.7293547645525,-0.977841294374766,0.38445193461241,-2.54346826310184,0.0109758027346873,0.999992750496548,chr4,13498012,13499271,+,Intergenic,-14276,RAB28,RAB28,XM_005248218,RAB28,0.329365079365079,1259
Interval_26347,98.4414214002993,0.748886550874802,0.29495805271411,2.53895950283027,0.0111182692199846,0.999992750496548,chr15,77542519,77543741,+,Intergenic,17535,LOC101929457,LOC101929457,rna62410,LOC101929457,0.395131086142322,1222
Interval_51537,54.9025496577752,-0.71619055744197,0.28257958585922,-2.53447380236014,0.0112616347408698,0.999992750496548,chr3,100113422,100114632,+,promoter-TSS (CMSS1),-71797,TMEM30C,TMEM30C,rna17619,TMEM30C,0.423616845582164,1210
Interval_11799,134.809166476675,0.610317161025805,0.240957633480082,2.53288161993945,0.0113129151501321,0.999992750496548,chr11,518429,519250,+,Intergenic,-9645,LOC101059906,LOC101059906,XM_003959933,LOC101059906,0.44578313253012,821
Interval_58892,39.0371091811741,-1.06583478936642,0.42146613330394,-2.52887410196206,0.0114429065458336,0.999992750496548,chr5,18159088,18160100,+,Intergenic,352288,RP11-454P21.1,RP11-454P21,rna23843,RP11-454P21.1,0.328726554787759,1012
Interval_46129,53.461184669807,-0.816055221732929,0.323051240624129,-2.52608601705515,0.0115341236926516,0.999992750496548,chr20,52269217,52269905,+,Intergenic,-164627,ZFP64,ZFP64,NM_022088,ZFP64,0.361393323657475,688
Interval_24464,259.046830069059,0.601740408415898,0.238569476433799,2.52228582386513,0.0116594927420731,0.999992750496548,chr14,105313827,105316288,+,intron (PACS2, intron 1 of 23),307,PACS2,PACS2,NM_015197,PACS2,0.475592747559275,2461
Interval_12337,80.3789015110302,-0.868561355775335,0.346194199359253,-2.50888477444999,0.0121112983946731,0.999992750496548,chr11,13916885,13918157,+,Intergenic,7342,LOC101928132,LOC101928132,rna47284,LOC101928132,0.473802395209581,1272
Interval_8734,227.13872752877,-0.450121532260632,0.179793659781095,-2.50354507944646,0.0122956015723182,0.999992750496548,chr10,31697278,31698819,+,Intergenic,95093,LOC646034,LOC646034,rna43354,LOC646034,0.607260726072607,1541
Interval_34947,635.182113970445,0.512612690690165,0.205483365393823,2.49466758395605,0.0126075177219428,0.999992750496548,chr19,1863465,1865046,+,promoter-TSS (KLF16),-690,KLF16,KLF16,NM_031918,KLF16,0.460743801652893,1581
Interval_64964,40.1659200745475,0.887139717795222,0.3569193686666,2.48554658467948,0.0129352656089484,0.999992750496548,chr6,43376385,43377136,+,Intergenic,-7317,ZNF318,ZNF318,NM_014345,ZNF318,0.425531914893617,751
Interval_28446,135.177912911507,0.70501028424752,0.284718386534355,2.4761670394,0.0132801429582771,0.999992750496548,chr16,49281611,49282528,+,promoter-TSS (CBLN1),-238,CBLN1,CBLN1,NM_004352,CBLN1,0.475651189127973,917
Interval_72610,57.2113401267421,0.780729256448271,0.315753177339844,2.47259350808678,0.0134136617263405,0.999992750496548,chr8,10589947,10590902,+,Intergenic,64683,RP1L1,RP1L1,NM_178857,RP1L1,0.51673640167364,955
Interval_27985,269.79718520101,0.487534801769274,0.197245169297983,2.47171985759886,0.0134464840825157,0.999992750496548,chr16,23835494,23837698,+,intron (PRKCB, intron 1 of 16),617,PRKCB,PRKCB,NM_212535,PRKCB,0.423115079365079,2204
Interval_18481,81.5285966769645,0.694230534867015,0.281276830732548,2.46813977908876,0.0135817272943673,0.999992750496548,chr12,94111817,94113536,+,Intergenic,-149845,PLXNC1,PLXNC1,XM_006719186,PLXNC1,0.437138728323699,1719
Interval_15508,31.8148193915798,1.11333767188469,0.453123354692466,2.4570299905206,0.0140090991053851,0.999992750496548,chr11,125428396,125429469,+,intron (PKNOX2, intron 9 of 11),-66276,MGC39545,MGC39545,rna51164,MGC39545,0.473802395209581,1073
Interval_25245,24.7267505822206,1.35291903584072,0.551968603141696,2.45107969572938,0.0142428414721602,0.999992750496548,chr15,48800981,48801704,+,intron (CEP152, intron 2 of 26),9252,CEP152,CEP152,NM_001194998,CEP152,0.355243351731059,723
Interval_21870,108.668370911299,0.68913928646588,0.281375797434381,2.44917755098177,0.0143182847893936,0.999992750496548,chr13,112978744,112981063,+,intron (MCF2L, intron 1 of 27),-11265,MCF2L-AS1,MCF2L-AS1,rna57359,MCF2L-AS1,0.404761904761905,2319
Interval_30812,135.567814346331,0.560645192386716,0.228952366867035,2.44874163153907,0.014335623898792,0.999992750496548,chr17,30291284,30292581,+,exon (BLMH, exon 1 of 12),234,BLMH,BLMH,NM_000386,BLMH,0.361111111111111,1297
Interval_26187,224.55339151384,0.531807580229222,0.217212530475312,2.44832827583888,0.0143520826192377,0.999992750496548,chr15,73991891,73992498,+,exon (STOML1, exon 1 of 7),122,STOML1,STOML1,NM_001256676,STOML1,0.395131086142322,607
Interval_32475,283.482689397393,0.550242910052505,0.224846925399106,2.44718894454891,0.0143975340632688,0.999992750496548,chr17,74748228,74749290,+,promoter-TSS (MIR3615),96,MIR3615,MIR3615,rna70987,MIR3615,0.429386590584879,1062
Interval_4257,26.8971671240249,1.0727324735017,0.439992349304565,2.43807074190545,0.0147658840590575,0.999992750496548,chr1,149848610,149850658,+,TTS (HIST2H2BC),1139,HIST2H2BC,HIST2H2BC,rna4958,HIST2H2BC,0.441678867740361,2048
Interval_64343,137.419652191828,0.552131243773649,0.226577476473785,2.43683199392297,0.0148165614987342,0.999992750496548,chr6,30614959,30615559,+,exon (PPP1R10, exon 2 of 21),2048,PPP1R10,PPP1R10,XM_006715130,PPP1R10,0.447587354409318,600
Interval_10910,16.3640928232312,1.61978297713118,0.66632731435421,2.43091186904297,0.0150608774745595,0.999992750496548,chr10,103789287,103790197,+,intron (SH3PXD2A, intron 2 of 15),28838,LOC102724324,LOC102724324,rna45591,LOC102724324,0.457997698504028,910
Interval_31272,118.670118005762,0.578038694072373,0.238019511536594,2.42853491438875,0.0151599653722689,0.999992750496548,chr17,42181184,42181713,+,promoter-TSS (KCNH4),-170,KCNH4,KCNH4,NM_012285,KCNH4,0.361111111111111,529
Interval_60773,43.6739676076155,-0.837018497687531,0.345410949301988,-2.42325409596595,0.0153821633147395,0.999992750496548,chr5,103144593,103145812,+,intron (PPIP5K2, intron 5 of 17),24947,PPIP5K2,PPIP5K2,NM_015216,PPIP5K2,0.358196721311475,1219
Interval_14568,65.8862693654051,0.699405407547864,0.28988856748228,2.41266985318632,0.0158361568045151,0.999992750496548,chr11,94740374,94741973,+,intron (AMOTL1, intron 3 of 10),34737,AMOTL1,AMOTL1,NM_130847,AMOTL1,0.477453580901857,1599
Interval_10356,240.029634867425,0.639151173346122,0.2653024171687,2.40914191497811,0.0159900788774486,0.999992750496548,chr10,89340343,89345249,+,promoter-TSS (LOC101926887),-137,LOC101926887,LOC101926887,rna44856,LOC101926887,0.437714285714286,4906
Interval_29934,82.2051186151343,0.831483695147926,0.34621346535305,2.4016503641764,0.0163212998189294,0.999992750496548,chr17,3886061,3887349,+,intron (CAMKK1, intron 1 of 16),6338,CAMKK1,CAMKK1,XM_006721588,CAMKK1,0.361490683229814,1288
Interval_57217,76.7084300607904,-0.839985009788438,0.350181018308977,-2.39871656620545,0.0164526442503041,0.999992750496548,chr4,121674564,121677983,+,intron (ANXA5, intron 8 of 12),20719,ANXA5,ANXA5,NM_001154,ANXA5,0.389766081871345,3419
Interval_34976,449.834642280455,0.408627500989699,0.170429753064036,2.39763007129491,0.0165015210755642,0.999992750496548,chr19,2269244,2271666,+,intron (OAZ1, intron 1 of 4),934,OAZ1,OAZ1,NM_004152,OAZ1,0.460743801652893,2422
Interval_34938,56.5705350236736,0.805916820556376,0.336229203707879,2.39692689293155,0.0165332220449947,0.999992750496548,chr19,1567258,1568919,+,promoter-TSS (MEX3D),-30,MEX3D,MEX3D,NM_001174118,MEX3D,0.460743801652893,1661
Interval_53974,35.3396930238065,0.948168347114798,0.395593324216,2.39682595502315,0.0165377769556364,0.999992750496548,chr3,185353905,185354489,+,intron (MAP3K13, intron 2 of 12),71256,MAP3K13,MAP3K13,NM_004721,MAP3K13,0.502564102564103,584
Interval_44082,63.2676518568237,-0.860183835656777,0.359241198747705,-2.39444651297048,0.0166454710329327,0.999992750496548,chr2,237434165,237435348,+,Intergenic,-20592,COL6A3,COL6A3,NM_057167,COL6A3,0.533783783783784,1183
Interval_10750,231.264224683483,0.425194693779055,0.177970125655236,2.38913521139352,0.0168880857440663,0.999992750496548,chr10,100535523,100536272,+,promoter-TSS (HIF1AN),13,HIF1AN,HIF1AN,NM_017902,HIF1AN,0.4923273657289,749
Interval_81821,78.7593479066262,-0.599221861166911,0.252025638279118,-2.37762263100897,0.0174246480110782,0.999992750496548,chrX,136828494,136829840,+,Intergenic,-45494,LOC101928747,LOC101928747,rna86658,LOC101928747,0.44988864142539,1346
Interval_30331,50.7559795821134,0.799424224471504,0.336384195546836,2.37652135580251,0.0174767496975106,0.999992750496548,chr17,15171032,15172067,+,Intergenic,-65362,CDRT8,CDRT8,rna67813,CDRT8,0.361111111111111,1035
Interval_74498,95.2690277168459,-0.554058682864129,0.233207555143315,-2.37581789545214,0.0175101020801319,0.999992750496548,chr8,85501766,85503576,+,Intergenic,38769,CA2,CA2,NM_000067,CA2,0.377691882937604,1810
Interval_10598,552.367701300201,0.475258216356735,0.200377049064034,2.37181961994489,0.0177007297992429,0.999992750496548,chr10,96831771,96833622,+,promoter-TSS (LCOR),-290,LCOR,LCOR,NM_001170766,LCOR,0.4923273657289,1851
Interval_65028,595.363442823326,0.44573801558221,0.188081561827972,2.36991872701431,0.0177919957739507,0.999992750496548,chr6,44262952,44265841,+,intron (NFKBIE, intron 1 of 5),1392,NFKBIE,NFKBIE,NM_004556,NFKBIE,0.603460207612457,2889
Interval_48897,355.263305794716,0.57910470458246,0.244385703301836,2.36963413472358,0.0178056950925451,0.999992750496548,chr22_KI270733v1_random,122808,125443,+,Intergenic,35976,LOC102724621,LOC102724621,rna83968,LOC102724621,0.784522003034901,2635
Interval_4657,21.3808858076206,-1.38943509758597,0.588710354024867,-2.36013361763853,0.0182683537548086,0.999992750496548,chr1,157249045,157249867,+,Intergenic,38653,RP11-85G21.2,RP11-85G21,rna6005,RP11-85G21.2,0.360874848116646,822
Interval_218,11.0553346414006,1.71096681495505,0.725854638269484,2.35717556208524,0.0184145386166395,0.999992750496548,chr1,8116721,8117186,+,Intergenic,-85811,LOC102724539,LOC102724539,rna532,LOC102724539,0.450643776824034,465
Interval_35465,332.88868992849,0.437544829962842,0.186484981844044,2.34627381591916,0.0189621713295757,0.999992750496548,chr19,10960284,10961541,+,promoter-TSS (SMARCA4),-87,SMARCA4,SMARCA4,NM_001128846,SMARCA4,0.460743801652893,1257
Interval_24485,47.1162158510537,0.852199894438579,0.36347703281906,2.34457700897654,0.019048676354121,0.999992750496548,chr14,105945030,105946148,+,Intergenic,26680,ADAM6,ADAM6,rna60281,ADAM6,0.495382031905961,1118
Interval_30490,13.0659843129046,1.61882259907771,0.692615697123967,2.33725947274909,0.0194256964559555,0.999992750496548,chr17,18635772,18636444,+,exon (TBC1D28, exon 10 of 10),8580,TBC1D28,TBC1D28,XM_006721498,TBC1D28,0.361490683229814,672
Interval_79881,129.755510749148,0.752935737634818,0.322248648227675,2.336505495914,0.0194649115029516,0.999992750496548,chrUn_KI270337v1,12,993,+,NA,NA,NA,,,,0.252545824847251,981
Interval_5008,42.9886972964516,0.890689500968083,0.381246589291108,2.33625565706499,0.0194779211045053,0.999992750496548,chr1,167442050,167442594,+,intron (CD247, intron 1 of 7),-14018,LOC101928512,LOC101928512,rna6517,LOC101928512,0.51743119266055,544
Interval_68271,640.264668625232,0.329307087057498,0.141307463633638,2.33042953705034,0.0197834601664518,0.999992750496548,chr7,6104153,6105181,+,promoter-TSS (USP42),15877,USP42,USP42,XM_006715791,USP42,0.715257531584062,1028
Interval_17396,42.7578780282084,0.885791353709927,0.380136263304969,2.33019429929864,0.0197958841473912,0.999992750496548,chr12,52903323,52904096,+,intron (KRT8, intron 2 of 8),-45162,KRT18,KRT18,NM_199187,KRT18,0.437138728323699,773
Interval_34937,44.6965414751404,0.943668112669024,0.40549178872182,2.32721879681862,0.0199536230877075,0.999992750496548,chr19,1512973,1514092,+,promoter-TSS (ADAMTSL5),-3026,ADAMTSL5,ADAMTSL5,NM_213604,ADAMTSL5,0.460743801652893,1119
Interval_19335,227.190529867656,0.519816496172384,0.22360717790154,2.32468609036009,0.0200887515904061,0.999992750496548,chr12,120265498,120266810,+,promoter-TSS (PXN),-424,PXN,PXN,NM_001243756,PXN,0.437138728323699,1312
Interval_72637,15.6086628665283,-1.15497253959817,0.497641861372911,-2.32089104484054,0.0202927249927092,0.999992750496548,chr8,11310562,11311403,+,intron (MTMR9, intron 5 of 8),12238,MTMR9,MTMR9,NM_015458,MTMR9,0.357482185273159,841
Interval_74416,18.6269005520795,-1.79712952359324,0.77698156730961,-2.31296287995095,0.0207246801097372,0.999992750496548,chr8,80944661,80945210,+,Intergenic,-71276,ZNF704,ZNF704,NM_001033723,ZNF704,0.470909090909091,549
Interval_30723,182.465568089556,0.472079978734879,0.204620688961323,2.3070979827661,0.0210493583934589,0.999992750496548,chr17,28743162,28744530,+,promoter-TSS (TRAF4),-159,TRAF4,TRAF4,NM_004295,TRAF4,0.352708058124174,1368
Interval_24549,48.8401127645061,-0.979734075605303,0.424842143207684,-2.30611320291349,0.021104307765765,0.999992750496548,chr15,20248403,20249199,+,Intergenic,-33943,CHEK2P2,CHEK2P2,rna60296,CHEK2P2,0.395131086142322,796
Interval_25299,25.4413743261224,-1.19751626625635,0.51973666507266,-2.30408271482816,0.0212180008492473,0.999992750496548,chr15,50260372,50261026,+,intron (HDC, intron 2 of 11),5266,HDC,HDC,NM_002112,HDC,0.399034593724859,654
Interval_25927,41.2739632996489,0.848491210637811,0.369022618235271,2.29929323762169,0.0214882935711529,0.999992750496548,chr15,66862263,66863265,+,Intergenic,79390,LOC102723481,LOC102723481,rna61923,LOC102723481,0.355243351731059,1002
Interval_24286,50.8687744146803,0.880965254470115,0.383520592051619,2.29704811873972,0.0216160249002405,0.999992750496548,chr14,100850912,100851711,+,exon (MEG3, exon 7 of 7),-1098,MIR770,MIR770,rna59795,MIR770,0.456140350877193,799
Interval_9188,19.0662796127286,-1.05870127679927,0.463074381407566,-2.28624454149511,0.0222399563194782,0.999992750496548,chr10,48976002,48976594,+,intron (WDFY4, intron 34 of 37),9279,MIR4294,MIR4294,rna43821,MIR4294,0.526870919136113,592
Interval_1418,36.8009393056944,1.08924266885731,0.476852367027103,2.28423458532482,0.0223577479972944,0.999992750496548,chr1,37730061,37731898,+,intron (EPHA10, intron 3 of 12),21990,EPHA10,EPHA10,NM_173641,EPHA10,0.504896626768226,1837
Interval_68197,400.52282977493,0.478959864098036,0.209796785792049,2.2829704577685,0.0224321085930213,0.999992750496548,chr7,4641366,4642738,+,Intergenic,-40247,FOXK1,FOXK1,NM_001037165,FOXK1,0.643845593590677,1372
Interval_30672,64.3011266108839,0.716141027014155,0.313857166849903,2.28174183244519,0.0225045867566798,0.999992750496548,chr17,27810325,27811808,+,Intergenic,-10537,NOS2,NOS2,NM_000625,NOS2,0.352708058124174,1483
Interval_14014,31.5236002190162,0.948870170163126,0.416173965784798,2.27998444922858,0.0226086107967975,0.999992750496548,chr11,73242340,73243008,+,TTS (P2RY2),25005,P2RY2,P2RY2,NM_176072,P2RY2,0.459685863874346,668
Interval_59368,522.593729866459,0.491826925869351,0.216140176444231,2.27549978888933,0.0228759653295328,0.999992750496548,chr5,49658384,49661103,+,Intergenic,781657,EMB,EMB,NM_198449,EMB,0.416176470588235,2719
Interval_79716,40.9725523545681,0.969976169659749,0.426364015573729,2.27499538945499,0.0229062064129589,0.999992750496548,chr9,136283462,136284286,+,intron (MGC50722, intron 9 of 9),20196,MGC50722,MGC50722,NM_203348,MGC50722,0.654545454545455,824
Interval_6151,38.2183124081991,0.915935102180535,0.404117354476254,2.26650771622419,0.0234203152548284,0.999992750496548,chr1,205658849,205659526,+,exon (SLC45A3, exon 5 of 5),21315,SLC45A3,SLC45A3,NM_033102,SLC45A3,0.601769911504425,677
Interval_9468,270.012573394155,-0.412041694602851,0.182217350566056,-2.26126487583563,0.0237428598739744,0.999992750496548,chr10,62632102,62633053,+,intron (ZNF365, intron 5 of 7),112129,ZNF365,ZNF365,NM_199451,ZNF365,0.605844155844156,951
Interval_49972,83.6316714508405,0.593661814408697,0.262567884923555,2.26098410543063,0.0237602413310232,0.999992750496548,chr3,36475432,36477899,+,intron (STAC, intron 2 of 10),34486,STAC,STAC,XM_006713309,STAC,0.404376012965964,2467
Interval_64996,22.9579953055803,1.21170259559267,0.537247478165001,2.25539001082202,0.0241088591975488,0.999992750496548,chr6,43891750,43892916,+,intron (LOC100132354, intron 1 of 1),1305,LOC100132354,LOC100132354,rna29405,LOC100132354,0.503856041131105,1166
Interval_5187,82.7829418755421,0.687727082703736,0.305221290530679,2.2532080953724,0.0242460312181852,0.999992750496548,chr1,172726443,172728389,+,Intergenic,68371,FASLG,FASLG,NM_000639,FASLG,0.496661530559836,1946
Interval_19350,49.5239400868209,0.731408773415455,0.324778260611327,2.25202503406088,0.0243206900540539,0.999992750496548,chr12,120551851,120552792,+,intron (RNF10, intron 2 of 15),18013,RNF10,RNF10,NM_014868,RNF10,0.53259779338014,941
Interval_27711,599.437514807039,0.426488149323611,0.189578312340295,2.24966740160689,0.0244700663260292,0.999992750496548,chr16,15154112,15155393,+,TTS (MIR3180-4),215,MIR3180-4,MIR3180-4,rna64274,MIR3180-4,0.480222841225627,1281
Interval_40977,43.0537747938191,0.88805464145982,0.39478592183711,2.24945873785802,0.0244833251826277,0.999992750496548,chr2,121202994,121204148,+,Intergenic,81625,TFCP2L1,TFCP2L1,NM_014553,TFCP2L1,0.52987012987013,1154
Interval_56013,22.4665011117852,-1.01485008934827,0.451389875216387,-2.24827836216258,0.0245584455749907,0.999992750496548,chr4,71254028,71255035,+,intron (SLC4A4, intron 2 of 25),-68096,LOC102724821,LOC102724821,rna21477,LOC102724821,0.356150793650794,1007
Interval_72105,451.896687387389,0.42601555740598,0.189510619735273,2.24797722682286,0.0245776420980084,0.999992750496548,chr7,150377206,150380021,+,promoter-TSS (ZNF775),-704,ZNF775,ZNF775,NM_173680,ZNF775,0.567826704545455,2815
Interval_19785,260.861593646423,0.480979787424447,0.213971413434567,2.24786937518423,0.0245845204950182,0.999992750496548,chr12,132687109,132688020,+,promoter-TSS (POLE),-40,POLE,POLE,NM_006231,POLE,0.437138728323699,911
Interval_8494,22.18966153043,-1.19139641745309,0.530514857808253,-2.24573619365757,0.0247209104170964,0.999992750496548,chr10,24944521,24945523,+,intron (PRTFDC1, intron 1 of 8),8397,PRTFDC1,PRTFDC1,XM_006717479,PRTFDC1,0.605844155844156,1002
Interval_59305,70.7032374127676,0.704146995665501,0.313607561873231,2.24531255387948,0.0247480746824326,0.999992750496548,chr5,42759630,42762229,+,intron (CCDC152, intron 2 of 8),4111,CCDC152,CCDC152,NM_001134848,CCDC152,0.381538461538462,2599
Interval_62148,575.467709638597,0.356496434340073,0.158775328554848,2.24528859480158,0.0247496117379744,0.999992750496548,chr5,151079873,151082347,+,promoter-TSS (TNIP1),-113,TNIP1,TNIP1,NM_001252390,TNIP1,0.52969696969697,2474
Interval_67438,60.6622384306457,0.789775046453544,0.351895943010537,2.24434257382131,0.0248103682968167,0.999992750496548,chr6,152338145,152339512,+,intron (SYNE1, intron 75 of 144),298065,SYNE1,SYNE1,NM_182961,SYNE1,0.391812865497076,1367
Interval_13720,62.0846499606153,-0.861698667293712,0.384089208471726,-2.24348575353724,0.0248655075343062,0.999992750496548,chr11,66580693,66581236,+,Intergenic,12119,CCDC87,CCDC87,NM_018219,CCDC87,0.470932852636323,543
Interval_52136,51.4297363153644,0.773719297518834,0.345237836004413,2.24111964804733,0.0250183258161666,0.999992750496548,chr3,122889729,122890653,+,exon (LOC100129550, exon 1 of 1),3678,LOC100129550,LOC100129550,rna18170,LOC100129550,0.478918918918919,924
Interval_24888,41.9992488021196,-0.814102201897043,0.363458951289716,-2.23987385372747,0.0250991135120542,0.999992750496548,chr15,38319636,38321399,+,intron (SPRED1, intron 3 of 7),67341,SPRED1,SPRED1,NM_152594,SPRED1,0.355243351731059,1763
Interval_34167,18.2691339528789,1.1780831909317,0.526065402174654,2.23942343682311,0.0251283778389502,0.999992750496548,chr18,50662135,50662931,+,intron (MAPK4, intron 1 of 5),12483,MAPK4,MAPK4,NM_002747,MAPK4,0.523496715512885,796
Interval_57982,27.709847680758,0.940349554354021,0.420867509547543,2.23431254022187,0.0254625157896253,0.999992750496548,chr4,158253312,158253959,+,exon (TMEM144, exon 13 of 13),43283,TMEM144,TMEM144,NM_018342,TMEM144,0.390432098765432,647
Interval_80475,209.714544095834,0.416146871734864,0.186333034610867,2.23334994035778,0.0255258766047265,0.999992750496548,chrX,24478896,24480895,+,intron (PDK3, intron 1 of 10),14668,PDK3,PDK3,NM_001142386,PDK3,0.42,1999
Interval_23489,48.3208985614833,-0.691826532278309,0.309930424751783,-2.23219947777757,0.025601781926729,0.999992750496548,chr14,75205392,75206489,+,Intergenic,-29294,TMED10,TMED10,NM_006827,TMED10,0.56686626746507,1097
Interval_56528,46.2726978538072,0.818597979110647,0.366729771037376,2.2321557827036,0.0256046686889436,0.999992750496548,chr4,87149824,87151567,+,Intergenic,69893,KLHL8,KLHL8,XM_005263153,KLHL8,0.361811926605505,1743
Interval_65306,69.3210094264177,-0.701938261756343,0.31461664547388,-2.23109066813383,0.0256751237711535,0.999992750496548,chr6,56671368,56672575,+,intron (DST, intron 5 of 98),171694,DST,DST,NM_001144769,DST,0.413079470198676,1207
Interval_29862,233.478942747618,0.47233792407955,0.211812097176094,2.22998558806045,0.0257483996701341,0.999992750496548,chr17,2049573,2051210,+,promoter-TSS (MIR132),-41,MIR212,MIR212,rna66946,MIR212,0.363976377952756,1637
Interval_5404,38.5167873101209,0.819951638633184,0.36772533221174,2.22979372593522,0.025761140117041,0.999992750496548,chr1,180269737,180270568,+,exon (RP5-1180C10.2, exon 5 of 5),4529,RP5-1180C10.2,RP5-1180C10,rna6911,RP5-1180C10.2,0.515625,831
Interval_64710,31.1940133607499,-0.914902634375519,0.410594652179095,-2.2282380676903,0.0258646437959489,0.999992750496548,chr6,37095834,37096476,+,Intergenic,-73991,PIM1,PIM1,NM_002648,PIM1,0.469673405909798,642
Interval_26176,33.4199648710842,1.05786918960605,0.475266897232734,2.22584235461285,0.0260247426952118,0.999992750496548,chr15,73704428,73705405,+,intron (CD276, intron 6 of 9),20380,CD276,CD276,NM_001024736,CD276,0.355243351731059,977
Interval_19945,39.4958206548958,0.884151990091322,0.398497561221055,2.21871367890471,0.0265062098217567,0.999992750496548,chr13,20546559,20547718,+,Intergenic,-19308,IFT88,IFT88,XM_006719869,IFT88,0.332191780821918,1159
Interval_51085,106.251899775417,0.578927506456325,0.260938400713226,2.21863667775205,0.0265114521685861,0.999992750496548,chr3,69306279,69307170,+,intron (FRMD4B, intron 3 of 22),-105826,FRMD4B,FRMD4B,XM_006713063,FRMD4B,0.459641255605381,891
Interval_24688,240.345436936797,0.405127313977858,0.182835404043069,2.21580342219948,0.0267049679919391,0.999992750496548,chr15,30470752,30471721,+,Intergenic,-41537,LOC101060569,LOC101060569,XM_006720802,LOC101060569,0.399034593724859,969
Interval_17185,59.4373655998764,0.689094844937659,0.311518496915201,2.21205113584392,0.0269631318690182,0.999992750496548,chr12,48924677,48926199,+,promoter-TSS (FKBP11),109,FKBP11,FKBP11,NM_001143782,FKBP11,0.437138728323699,1522
Interval_64433,115.314764438749,0.604958102037103,0.273852247358998,2.20906750947364,0.0271699456070477,0.999992750496548,chr6,31907047,31909117,+,intron (C2, intron 1 of 13),-6090,ZBTB12,ZBTB12,NM_181842,ZBTB12,0.443264123611782,2070
Interval_30662,18.0368468752636,1.26820703151417,0.574452414382862,2.20767987001432,0.0272665970498273,0.999992750496548,chr17,27609544,27610033,+,intron (KSR1, intron 12 of 16),-21360,LGALS9,LGALS9,NM_009587,LGALS9,0.356949702541915,489
Interval_11385,20.6611866408401,-1.1525259604682,0.522134374428007,-2.20733592139147,0.0272905994877594,0.999992750496548,chr10,120688890,120690241,+,Intergenic,91616,C10orf85,C10orf85,rna46004,C10orf85,0.437714285714286,1351
Interval_29456,231.069876305351,0.454614857217271,0.206646748395473,2.19996133859917,0.027809638138559,0.999992750496548,chr16,84617371,84619052,+,promoter-TSS (COTL1),-115,COTL1,COTL1,NM_021149,COTL1,0.456932773109244,1681
Interval_68637,25.2504580658943,-1.0407377387945,0.474811151393117,-2.19189826469099,0.0283868534161709,0.999992750496548,chr7,22481563,22482454,+,intron (STEAP1B, intron 4 of 4),18274,STEAP1B,STEAP1B,NM_207342,STEAP1B,0.445067264573991,891
Interval_19322,295.666369851316,0.388689035396772,0.17740331503557,2.19099082403752,0.0284524564767922,0.999992750496548,chr12,120116291,120117567,+,promoter-TSS (RAB35),-90,RAB35,RAB35,NM_001167606,RAB35,0.437138728323699,1276
Interval_50666,41.3666781131639,0.912323818918918,0.416630078262493,2.18976945381298,0.0285409611140703,0.999992750496548,chr3,52216402,52218414,+,Intergenic,8755,TLR9,TLR9,NM_017442,TLR9,0.517138599105812,2012
Interval_62845,18.3734108883109,-1.15663691072147,0.528249193010463,-2.1895668294917,0.0285556668703237,0.999992750496548,chr5,175724492,175724831,+,Intergenic,66817,HRH2,HRH2,XM_005265905,HRH2,0.467647058823529,339
Interval_2434,31.9964794172854,0.921037176264105,0.420839974532731,2.18856865317216,0.028628206276691,0.999992750496548,chr1,67766139,67767009,+,intron (GNG12, intron 2 of 3),-65714,GNG12-AS1,GNG12-AS1,rna3277,GNG12-AS1,0.497129735935706,870
Interval_47019,22.6991428573817,1.29985020933594,0.594389158471874,2.18686729192328,0.028752213285239,0.999992750496548,chr21,34672876,34673278,+,intron (CLIC6, intron 2 of 6),3764,CLIC6,CLIC6,XM_006724025,CLIC6,0.404466501240695,402
Interval_18893,404.896449882607,0.388724755588605,0.177770731483894,2.18666341947198,0.0287671039107267,0.999992750496548,chr12,107759213,107761721,+,TTS (RP11-864J10.4),668,PRDM4,PRDM4,NM_012406,PRDM4,0.437138728323699,2508
Interval_49443,138.505240881084,0.52419983772496,0.239766986293638,2.18628863726461,0.0287944949255941,0.999992750496548,chr3,16438629,16439956,+,intron (RFTN1, intron 2 of 7),74384,RFTN1,RFTN1,NM_015150,RFTN1,0.413403614457831,1327
Interval_26585,73.6407718362075,0.669824496020142,0.307470216259118,2.17850204865258,0.0293686798778848,0.999992750496548,chr15,84647942,84649246,+,exon (WDR73, exon 4 of 8),5696,WDR73,WDR73,rna62693,WDR73,0.395131086142322,1304
Interval_24635,128.58471397381,0.502477735898162,0.230679047557598,2.17825477093969,0.0293870744284805,0.999992750496548,chr15,25862107,25863857,+,exon (ATP10A, exon 1 of 21),265,ATP10A,ATP10A,XM_005268261,ATP10A,0.399034593724859,1750
Interval_28729,216.166772390379,-0.378442603256369,0.173906446892094,-2.17612751004675,0.0295457273903139,0.999992750496548,chr16,58365848,58367075,+,Intergenic,-25933,GINS3,GINS3,NM_022770,GINS3,0.656128530707437,1227
Interval_30608,27.85678265472,-0.972792196559707,0.447654287075756,-2.17308808302574,0.0297736884549024,0.999992750496548,chr17,21402186,21402768,+,intron (KCNJ12, intron 1 of 2),25228,KCNJ12,KCNJ12,XM_005256625,KCNJ12,0.352708058124174,582
Interval_13397,271.142186353585,0.431004557502714,0.198660362984814,2.16955486754879,0.0300405835663759,0.999992750496548,chr11,61580821,61581816,+,promoter-TSS (SYT7),-7176,RP11-855O10.2,RP11-855O10,rna48497,RP11-855O10.2,0.459685863874346,995
Interval_30204,133.384131265788,0.490037260317105,0.22633272450046,2.16511890359058,0.0303785806660689,0.999992750496548,chr17,9239458,9240764,+,TTS (NTN1),-60993,RP11-85B7.2,RP11-85B7,rna67702,RP11-85B7.2,0.361490683229814,1306
Interval_72676,2643.72709544909,-0.408042152631016,0.188624521531594,-2.16325082930784,0.0305218927272749,0.999992750496548,chr8,12193572,12195134,+,promoter-TSS (FAM86B1),-250,FAM86B1,FAM86B1,rna35974,FAM86B1,0.692898272552783,1562
Interval_31371,52.0814386096303,0.790528421288955,0.3656255121425,2.16212598693292,0.0306084664606283,0.999992750496548,chr17,43900324,43901256,+,promoter-TSS (MPP2),6969,MPP2,MPP2,NM_001278370,MPP2,0.352708058124174,932
Interval_20227,310.577903298206,-0.400798798083254,0.185389777098787,-2.16192502281117,0.0306239558913904,0.999992750496548,chr13,28741023,28744938,+,Intergenic,-24043,SLC46A3,SLC46A3,XM_005266361,SLC46A3,0.635798203178991,3915
Interval_29802,120.25886800133,0.565345937780297,0.261521530451127,2.16175676551399,0.0306369296009023,0.999992750496548,chr17,1178640,1180714,+,promoter-TSS (ABR),-75453,ABR,ABR,XM_006721507,ABR,0.363976377952756,2074
Interval_78811,32.6558894374326,-0.857916842952357,0.397545131255539,-2.15803634732705,0.0309250059513516,0.999992750496548,chr9,112629434,112630318,+,intron (KIAA1958, intron 3 of 3),67588,INIP,INIP,NM_021218,INIP,0.385310734463277,884
Interval_25735,537.880686495117,0.477345850901134,0.221302323101435,2.15698526889092,0.0310068122605449,0.999992750496548,chr15,63121635,63122777,+,exon (LACTB, exon 1 of 5),400,LACTB,LACTB,NM_032857,LACTB,0.399034593724859,1142
Interval_9975,33.0327745243245,1.05036381133101,0.487193256834229,2.15594899271852,0.0310876482702193,0.999992750496548,chr10,77392010,77393818,+,intron (KCNMA1, intron 1 of 27),37702,LOC101929286,LOC101929286,rna44563,LOC101929286,0.457997698504028,1808
Interval_24318,324.738488013473,0.368982727108118,0.171245538180658,2.15469980139777,0.0311853333598547,0.999992750496548,chr14,102139160,102140805,+,promoter-TSS (HSP90AA1),130,WDR20,WDR20,XM_006720317,WDR20,0.399425287356322,1645
Interval_36181,98.7551121417006,0.538967299467513,0.250179944580809,2.15431856606485,0.031215197863741,0.999992750496548,chr19,35029780,35031787,+,promoter-TSS (SCN1B),-949,SCN1B,SCN1B,NM_001037,SCN1B,0.460743801652893,2007
Interval_30754,109.918536657451,0.525965856455138,0.244265280218608,2.15325672148092,0.0312985080694638,0.999992750496548,chr17,29179583,29181123,+,promoter-TSS (MYO18A),36,MYO18A,MYO18A,NM_203318,MYO18A,0.352708058124174,1540
Interval_59477,47.0783572214305,-0.72563140656351,0.337342480981358,-2.15102291431718,0.0314743910976688,0.999992750496548,chr5,54383019,54384398,+,Intergenic,-71893,HSPB3,HSPB3,NM_006308,HSPB3,0.415217391304348,1379
Interval_32914,46.9372112164185,0.827618872452327,0.385032063908041,2.1494803940536,0.0315963386204398,0.999992750496548,chr17,82051151,82052620,+,promoter-TSS (RFNG),15,GPS1,GPS1,XM_005256363,GPS1,0.356949702541915,1469
Interval_36412,360.196767035811,0.333574275287639,0.155221682331537,2.14901855383296,0.0316329292072884,0.999992750496548,chr19,40570124,40571061,+,exon (SPTBN4, exon 33 of 36),-6259,SHKBP1,SHKBP1,XM_006723475,SHKBP1,0.460743801652893,937
Interval_32625,17.9643297647995,1.3416383997568,0.62602537192069,2.14310547133346,0.0321046302341254,0.999992750496548,chr17,77145860,77146488,+,intron (SEC14L1, intron 3 of 16),5251,SEC14L1,SEC14L1,NM_001204408,SEC14L1,0.361111111111111,628
Interval_60520,23.2511269982326,1.05045326362517,0.490825527271145,2.14017650928915,0.0323405048209148,0.999992750496548,chr5,91499644,91500524,+,Intergenic,-116752,ARRDC3,ARRDC3,NM_020801,ARRDC3,0.372304199772985,880
Interval_40019,30.1393524542603,-0.99333645918269,0.46425223827275,-2.13964818538818,0.0323832093851923,0.999992750496548,chr2,89579154,89581078,+,intron (LOC102724285, intron 3 of 3),5505,LOC102724285,LOC102724285,XM_006712164,LOC102724285,0.433766233766234,1924
Interval_31507,41.5379881356054,0.843129473072947,0.394221592621843,2.13871966643319,0.0324583788906817,0.999992750496548,chr17,46770512,46772703,+,intron (WNT3, intron 2 of 4),47153,WNT3,WNT3,NM_030753,WNT3,0.361490683229814,2191
Interval_67987,128.172192879748,0.66612548636782,0.311635188549484,2.13751691350493,0.0325559715488491,0.999992750496548,chr6,170398595,170400395,+,exon (LOC101929670, exon 2 of 2),2093,LOC101929670,LOC101929670,rna31690,LOC101929670,0.426429761243753,1800
Interval_10230,104.123617420794,0.574527287957981,0.268895839212746,2.1366165041454,0.0326291961329318,0.999992750496548,chr10,86959268,86961742,+,intron (SNCG, intron 4 of 5),2152,SNCG,SNCG,XM_005270067,SNCG,0.457997698504028,2474
Interval_51568,23.5064786727347,-0.970154017557859,0.454116621229402,-2.13635434644832,0.0326505422508208,0.999992750496548,chr3,101196017,101196949,+,Intergenic,124092,IMPG2,IMPG2,NM_016247,IMPG2,0.391211146838156,932
Interval_48877,880.117991731984,0.397160677035643,0.185928758720103,2.13609061755492,0.0326720283691599,0.999992750496548,chr22,50529684,50532322,+,promoter-TSS (TYMP),-918,TYMP,TYMP,NM_001257989,TYMP,0.716938234179614,2638
Interval_56185,62.9745485490585,-0.724812759082451,0.339884832434842,-2.13252457866416,0.0329637461333415,0.999992750496548,chr4,76723458,76724805,+,intron (SHROOM3, intron 3 of 10),148534,MIR548AH,MIR548AH,rna21651,MIR548AH,0.356824925816024,1347
Interval_67679,41.0698709653978,-0.922958732065148,0.432814886251992,-2.1324560715959,0.0329693720735423,0.999992750496548,chr6,158771680,158773139,+,intron (EZR, intron 8 of 13),-7674,MIR3918,MIR3918,rna31438,MIR3918,0.537671232876712,1459
Interval_37890,22.823343905184,-1.02737910831245,0.481833185355057,-2.13222986614212,0.0329879543650973,0.999992750496548,chr2,20561083,20562071,+,Intergenic,-22370,LOC102724948,LOC102724948,rna9278,LOC102724948,0.499494438827098,988
Interval_79109,22.1602084029921,1.05465019643039,0.494760912010805,2.13163605052001,0.0330367777062456,0.999992750496548,chr9,122099404,122099868,+,Intergenic,-6337,TTLL11,TTLL11,NM_001139442,TTLL11,0.511827956989247,464
Interval_20323,394.471506837744,0.383367458255228,0.179940054483488,2.13052874389569,0.0331279853418703,0.999992750496548,chr13,31199655,31200937,+,intron (B3GALTL, intron 1 of 14),-6019,B3GALTL,B3GALTL,NM_194318,B3GALTL,0.371356783919598,1282
Interval_77688,63.4533682176277,-0.656964514352822,0.308583426756676,-2.12896888617045,0.0332568346918847,0.999992750496548,chr9,78026250,78027136,+,intron (GNAQ, intron 1 of 6),4756,GNAQ,GNAQ,NM_002072,GNAQ,0.365276211950395,886
Interval_58065,20.4100781750779,1.34284184933513,0.631425976709866,2.12668135120477,0.033446568035401,0.999992750496548,chr4,163009562,163010186,+,Intergenic,83752,MIR4454,MIR4454,rna23065,MIR4454,0.4176,624
Interval_47177,51.7575370729871,-0.75251550451866,0.353889923386054,-2.12641122221994,0.0334690341615389,0.999992750496548,chr21,38282756,38283789,+,intron (KCNJ15, intron 1 of 2),12521,KCNJ15,KCNJ15,NM_001276435,KCNJ15,0.357833655705996,1033
Interval_35268,308.764004395936,0.358861107169682,0.168861758465527,2.12517689280693,0.0335718553864223,0.999992750496548,chr19,7506003,7508195,+,exon (C19orf45, exon 8 of 9),6498,C19orf45,C19orf45,rna73975,C19orf45,0.460743801652893,2192
Interval_55864,63.7941170313216,0.737088070123318,0.347154413455077,2.12322828561331,0.0337347268006466,0.999992750496548,chr4,56180888,56182560,+,intron (KIAA1211, intron 2 of 10),64697,LOC101928760,LOC101928760,rna21262,LOC101928760,0.45008965929468,1672
Interval_65021,11.5707161538951,-1.53858186544793,0.724735551929839,-2.12295624431693,0.0337575186310269,0.999992750496548,chr6,44211086,44211554,+,Intergenic,-5604,LOC101929726,LOC101929726,rna29429,LOC101929726,0.319829424307036,468
Interval_38714,33.4972250883109,-0.905466798017475,0.426610615255167,-2.12246663734772,0.0337985714587123,0.999992750496548,chr2,44107695,44109452,+,Intergenic,58889,LOC102723904,LOC102723904,rna9945,LOC102723904,0.405005688282139,1757
Interval_48904,1891.2979602317,0.650001184673386,0.306299415095883,2.12211043390308,0.0338284654169087,0.999992750496548,chr22_KI270733v1_random,166481,171081,+,Intergenic,-8680,LOC102724621,LOC102724621,rna83968,LOC102724621,0.779613127580961,4600
Interval_18981,177.880117742475,0.474631544035702,0.223738560655784,2.12136675343108,0.0338909508130434,0.999992750496548,chr12,109994756,109996481,+,intron (GIT2, intron 1 of 13),771,GIT2,GIT2,XM_006719707,GIT2,0.437138728323699,1725
Interval_13020,38.7323047462242,0.80362327741949,0.379277361156915,2.11882743269513,0.0341050534777846,0.999992750496548,chr11,45654994,45655751,+,intron (CHST1, intron 1 of 4),10222,CHST1,CHST1,NM_003654,CHST1,0.473802395209581,757
Interval_15832,136.411133519766,0.490176903261192,0.231415065136042,2.11817196504917,0.0341605065527452,0.999992750496548,chr12,1661455,1662289,+,intron (LOC102723583, intron 2 of 2),-1538,MIR3649,MIR3649,rna51466,MIR3649,0.437138728323699,834
Interval_10899,52.7746803285356,0.778135032616048,0.367614637435997,2.11671395362086,0.0342841318709363,0.999992750496548,chr10,103618512,103620506,+,intron (SH3PXD2A, intron 9 of 13),42471,SH3PXD2A,SH3PXD2A,XM_006718079,SH3PXD2A,0.4923273657289,1994
Interval_45797,19.0155525057413,-1.07668425988843,0.508908284774278,-2.11567445864235,0.034372504307861,0.999992750496548,chr20,45523674,45524119,+,Intergenic,-8272,SPINT3,SPINT3,NM_006652,SPINT3,0.405829596412556,445
Interval_46422,117.505952841792,0.512723178268741,0.242408982346765,2.11511625231483,0.0344200403684873,0.999992750496548,chr20,63829823,63832437,+,promoter-TSS (ZBTB46),-541,ZBTB46,ZBTB46,XM_005260197,ZBTB46,0.752198852772467,2614
Interval_18799,1335.68738057985,-0.300630198401059,0.142179407433852,-2.11444261744391,0.0344774809422444,0.999992750496548,chr12,104668093,104673036,+,intron (CHST11, intron 2 of 2),78870,MIR3922,MIR3922,rna54727,MIR3922,0.437138728323699,4943
Interval_9829,10.1587025424262,1.6241418141364,0.76813815626862,2.11438762790536,0.0344821734913371,0.999992750496548,chr10,73469240,73469866,+,intron (PPP3CB, intron 8 of 12),-26202,LOC101929145,LOC101929145,rna44401,LOC101929145,0.395256916996047,626
Interval_31456,80.2668384176623,0.708529683212899,0.335335125213851,2.11290028970587,0.0346093030778803,0.999992750496548,chr17,45332812,45333688,+,Intergenic,-16202,MAP3K14,MAP3K14,NM_003954,MAP3K14,0.429386590584879,876
Interval_26855,243.223242113384,0.411941735623288,0.19498568090698,2.11267685763966,0.0346284353833006,0.999992750496548,chr15,90954647,90955378,+,TTS (UNC45A),137,RCCD1,RCCD1,XM_006720763,RCCD1,0.399034593724859,731
Interval_49044,14.132670887498,-1.27679479172869,0.604454252307064,-2.11231004969434,0.0346598644379449,0.999992750496548,chr3,7285092,7285733,+,intron (GRM7, intron 2 of 11),424166,GRM7,GRM7,NM_000844,GRM7,0.394080996884735,641
Interval_55927,18.3932546328182,-1.03178539346961,0.48871186043692,-2.11123460876756,0.0347521514714646,0.999992750496548,chr4,61484914,61485976,+,Intergenic,-407215,LPHN3,LPHN3,NM_015236,LPHN3,0.316086547507056,1062
Interval_46521,28.9649017090059,-0.946139638252071,0.448204022352176,-2.11095749048999,0.0347759658562992,0.999992750496548,chr21,9968444,9969713,+,Intergenic,-148017,MGC39584,MGC39584,rna80967,MGC39584,0.371653543307087,1269
Interval_40482,79.4490402677654,-0.654645974377411,0.310626762504594,-2.10750023307386,0.0350742415092118,0.999992750496548,chr2,105099303,105100712,+,TTS (MRPS9),2937,AC104655.2,AC104655,rna11430,AC104655.2,0.416312056737589,1409
Interval_69681,733.072745988107,0.409445901485338,0.194371991326844,2.10650669723726,0.0351603619783637,0.999992750496548,chr7,55964261,55965440,+,intron (GBAS, intron 1 of 9),273,GBAS,GBAS,NM_001202469,GBAS,0.686440677966102,1179
Interval_25893,55.1899431115082,0.752034920170923,0.357041529826971,2.10629536719544,0.0351787034937376,0.999992750496548,chr15,66251624,66253700,+,intron (MEGF11, intron 1 of 22),-40616,DIS3L,DIS3L,NM_133375,DIS3L,0.395131086142322,2076
Interval_17558,209.66961585007,0.447144374754754,0.21241734202075,2.10502763334207,0.0352889027247503,0.999992750496548,chr12,56189062,56190692,+,promoter-TSS (SMARCC2),-373,SMARCC2,SMARCC2,NM_139067,SMARCC2,0.437138728323699,1630
Interval_10335,319.973088972092,-0.365645978062463,0.173813994522309,-2.10366247589766,0.0354078999176766,0.999992750496548,chr10,89121375,89123795,+,Intergenic,-59183,MIR4679-2,MIR4679-2,rna44846,MIR4679-2,0.617067833698031,2420
Interval_16754,39.773425440684,0.960855032933845,0.456802166591256,2.10343799396558,0.0354275001629932,0.999992750496548,chr12,29072799,29074226,+,Intergenic,32741,LOC101928735,LOC101928735,rna52442,LOC101928735,0.437138728323699,1427
Interval_39810,33.9180897398664,0.865898460216706,0.411678102066565,2.10333864218189,0.0354361778443047,0.999992750496548,chr2,85010572,85011538,+,intron (KCMF1, intron 1 of 6),39170,KCMF1,KCMF1,NM_020122,KCMF1,0.413650465356774,966
Interval_69472,43.4650434142824,0.833414510748798,0.396314305235002,2.10291301560414,0.035473373870427,0.999992750496548,chr7,45917348,45918252,+,intron (IGFBP3, intron 1 of 4),3472,IGFBP3,IGFBP3,NM_000598,IGFBP3,0.498342541436464,904
Interval_3200,31.2099276880718,-0.88890667256376,0.422720109268323,-2.10282561220555,0.0354810162815096,0.999992750496548,chr1,103106194,103107179,+,intron (COL11A1, intron 1 of 64),1810,COL11A1,COL11A1,NM_080629,COL11A1,0.449290060851927,985
Interval_7399,37.0033078628824,-0.787212170727425,0.374462369346487,-2.10224640756632,0.0355316965021731,0.999992750496548,chr1,239563642,239564369,+,intron (CHRM3, intron 2 of 4),155114,CHRM3-AS2,CHRM3-AS2,rna8610,CHRM3-AS2,0.313186813186813,727
Interval_31640,60.7525290856513,0.673691424406658,0.320664027442221,2.10092609944546,0.0356474539364936,0.999992750496548,chr17,49850702,49852720,+,Intergenic,-3694,TAC4,TAC4,NM_001077503,TAC4,0.356949702541915,2018
Interval_3067,24.2185834591525,1.01373165738283,0.482611049116653,2.10051481257695,0.0356835789818577,0.999992750496548,chr1,96416132,96417603,+,Intergenic,-42742,RP5-898J17.1,RP5-898J17,rna3856,RP5-898J17.1,0.408967391304348,1471
Interval_5123,31.8127759205492,0.847417235003045,0.403468914035775,2.10032844049023,0.0356999590999741,0.999992750496548,chr1,170929555,170930390,+,Intergenic,-5523,MROH9,MROH9,NM_001163629,MROH9,0.417464114832536,835
Interval_76198,40.805230996314,-0.905435321605608,0.431275455068148,-2.09943624420392,0.0357784625045997,0.999992750496548,chr8,142870477,142871851,+,Intergenic,8650,CYP11B1,CYP11B1,NM_001026213,CYP11B1,0.426909090909091,1374
Interval_54103,42.688273108082,-0.809972982076516,0.385879974386249,-2.09902828817379,0.0358144071460189,0.999992750496548,chr3,188186000,188188298,+,intron (LPP, intron 1 of 10),8606,FLJ42393,FLJ42393,rna19733,FLJ42393,0.354936929099609,2298
Interval_30184,65.2814599724742,0.695004407295594,0.331224908560505,2.09828545297534,0.035879936789334,0.999992750496548,chr17,8885290,8886412,+,intron (PIK3R5, intron 14 of 18),-18174,PIK3R6,PIK3R6,NM_001010855,PIK3R6,0.361490683229814,1122
Interval_78822,21.5129551873313,-1.07093599410283,0.51041193761535,-2.09817975478052,0.0358892693220123,0.999992750496548,chr9,112831288,112831840,+,intron (SNX30, intron 4 of 8),59331,SLC46A2,SLC46A2,XM_005252116,SLC46A2,0.477396021699819,552
Interval_58382,1299.90572081032,0.293195189126915,0.139755096949454,2.09792126030979,0.035912101594488,0.999992750496548,chr4,183503914,183506449,+,promoter-TSS (ING2),-666,RP11-367N14.2,RP11-367N14,rna23325,RP11-367N14.2,0.712145110410095,2535
Interval_28889,58.9614393575769,0.751210500442349,0.358336665238009,2.09638190371446,0.0360483263882826,0.999992750496548,chr16,67816419,67817184,+,intron (TSNAXIP1, intron 2 of 10),9674,TSNAXIP1,TSNAXIP1,XM_006721234,TSNAXIP1,0.482352941176471,765
Interval_11888,106.321981606156,0.529218403969531,0.252717725133233,2.09410876775867,0.0362502922141462,0.999992750496548,chr11,2444367,2445592,+,promoter-TSS (KCNQ1),-16475,KCNQ1,KCNQ1,NM_000218,KCNQ1,0.473802395209581,1225
Interval_37779,36.0301687446406,-0.876549478489782,0.418725582694401,-2.09337455058129,0.036315732399357,0.999992750496548,chr2,16645933,16646275,+,intron (FAM49A, intron 1 of 11),-20335,FAM49A,FAM49A,NM_030797,FAM49A,0.481049562682216,342
Interval_13462,23.7005063143542,1.18246938395196,0.565970238387146,2.08927838206062,0.0366826712153149,0.999992750496548,chr11,62511088,62511662,+,intron (AHNAK, intron 4 of 5),-34593,LOC101927617,LOC101927617,rna48585,LOC101927617,0.470115967885816,574
Interval_28820,220.224541795379,0.392747229899813,0.188293004292769,2.08583017396199,0.0369940091293084,0.999992750496548,chr16,66751065,66751983,+,promoter-TSS (DYNC1LI2),98,DYNC1LI2,DYNC1LI2,NM_001286157,DYNC1LI2,0.588636363636364,918
Interval_31791,125.577431361459,0.484044214818482,0.232251733320533,2.08413607036658,0.037147791859822,0.999992750496548,chr17,56779985,56781158,+,Intergenic,52340,C17orf67,C17orf67,NM_001085430,C17orf67,0.429386590584879,1173
Interval_13675,278.288973167665,0.431407412446829,0.207035751148248,2.08373389646081,0.0371843791442057,0.999992750496548,chr11,65899126,65900882,+,intron (FOSL1, intron 1 of 2),513,FOSL1,FOSL1,NM_005438,FOSL1,0.459685863874346,1756
Interval_23347,173.864908991922,0.446511791827949,0.215036915019472,2.0764425112196,0.0378530429324669,0.999992750496548,chr14,72476566,72477741,+,intron (RGS6, intron 11 of 18),-39713,MIR7843,MIR7843,rna58973,MIR7843,0.365914786967419,1175
Interval_30264,45.910718353737,-0.740826903983526,0.356810048283356,-2.07625011556628,0.0378708243791408,0.999992750496548,chr17,10736830,10738689,+,intron (TMEM220-AS1, intron 2 of 3),-7558,TMEM220,TMEM220,NM_001004313,TMEM220,0.429386590584879,1859
Interval_620,81.3321342780506,0.589981867604438,0.284287957197957,2.07529672877989,0.037959042448123,0.999992750496548,chr1,17431549,17432447,+,intron (RCC2, intron 2 of 12),7756,RCC2,RCC2,NM_018715,RCC2,0.508342602892102,898
Interval_4508,38.8348087039503,0.844371608742909,0.406884870426259,2.07521013956192,0.0379670633072923,0.999992750496548,chr1,155078631,155079490,+,exon (EFNA3, exon 1 of 5),188,EFNA3,EFNA3,NM_004952,EFNA3,0.702325581395349,859
Interval_21490,79.8614371604374,0.574872099166514,0.277051919708215,2.07496161647953,0.0379900922932933,0.999992750496548,chr13,95380357,95381195,+,Intergenic,-52823,CLDN10,CLDN10,NM_182848,CLDN10,0.404761904761905,838
Interval_71138,18.4397277953163,-1.02650272771441,0.494814862644978,-2.07451878512168,0.038031155981791,0.999992750496548,chr7,115097145,115097860,+,Intergenic,-21236,LOC102724386,LOC102724386,rna34544,LOC102724386,0.41340782122905,715
Interval_19067,56.5864184670095,-0.668031271362438,0.322063010498137,-2.07422538319191,0.0380583838858074,0.999992750496548,chr12,111359313,111360542,+,TTS (FAM109A),8795,FAM109A,FAM109A,NM_001177996,FAM109A,0.53259779338014,1229
Interval_41966,42.9468615072023,0.852631587492244,0.411410568097042,2.07245912868998,0.0382226440444099,0.999992750496548,chr2,162297820,162299106,+,intron (IFIH1, intron 3 of 15),20245,IFIH1,IFIH1,NM_022168,IFIH1,0.400932400932401,1286
Interval_14191,102.472900472513,0.531288511939768,0.256381132626114,2.07226056963621,0.0382411475006146,0.999992750496548,chr11,76670435,76673536,+,Intergenic,-1967,LRRC32,LRRC32,XM_005273902,LRRC32,0.44578313253012,3101
Interval_28012,27.6882442369213,-0.915100840553628,0.441716071491072,-2.07169469171584,0.0382939227018511,0.999992750496548,chr16,24737060,24738059,+,intron (TNRC6A, intron 2 of 23),-38754,TNRC6A,TNRC6A,NM_014494,TNRC6A,0.459885386819484,999
Interval_11451,125.934079974445,-0.450824660807972,0.217657035860844,-2.0712616021115,0.0383343555473292,0.999992750496548,chr10,123129519,123130167,+,Intergenic,-6208,HMX3,HMX3,NM_001105574,HMX3,0.605844155844156,648
Interval_73250,46.3408481313274,-0.732206735417039,0.353844100182283,-2.06929191426349,0.0385187019493164,0.999992750496548,chr8,29257985,29258947,+,intron (KIF13B, intron 1 of 39),4627,KIF13B,KIF13B,XM_006716316,KIF13B,0.467289719626168,962
Interval_52991,45.4582543347549,-0.778660621701166,0.376381010374854,-2.06880953139922,0.0385639636563335,0.999992750496548,chr3,149442643,149443998,+,Intergenic,-31261,TM4SF4,TM4SF4,NM_004617,TM4SF4,0.38716814159292,1355
Interval_42168,49.9650768906822,0.718554250652656,0.347358057976926,2.06862698057918,0.0385811040801704,0.999992750496548,chr2,171573792,171574708,+,Intergenic,51894,CYBRD1,CYBRD1,NM_024843,CYBRD1,0.414394765539804,916
Interval_9816,191.514046681807,-0.423130846097282,0.204591854151986,-2.06817054301169,0.0386239891560644,0.999992750496548,chr10,72847571,72848413,+,intron (MCU, intron 4 of 9),-45564,OIT3,OIT3,NM_152635,OIT3,0.617067833698031,842
Interval_68733,20.366843198352,1.27921392994974,0.618554077363362,2.06807129200813,0.0386333197494726,0.999992750496548,chr7,25075272,25076166,+,Intergenic,49642,CYCS,CYCS,NM_018947,CYCS,0.463687150837989,894
Interval_7071,45.6685312867552,-0.7206062075682,0.348727487644451,-2.06638774716521,0.0387918819526789,0.999992750496548,chr1,230212286,230213316,+,intron (GALNT2, intron 3 of 15),145592,GALNT2,GALNT2,NM_004481,GALNT2,0.440349175557711,1030
Interval_25944,125.849948262828,-0.534191325189597,0.25854526570927,-2.06614235895654,0.0388150395870003,0.999992750496548,chr15,67080506,67081579,+,intron (SMAD3, intron 1 of 8),-83289,SMAD3,SMAD3,NM_001145103,SMAD3,0.395131086142322,1073
Interval_67348,349.578237303897,0.364159293323929,0.176321314985286,2.06531634223757,0.0388930782887164,0.999992750496548,chr6,149863072,149865167,+,exon (LRP11, exon 1 of 7),229,LRP11,LRP11,XM_006715583,LRP11,0.662213740458015,2095
Interval_2913,9.02634752261917,-1.44579593879595,0.700103990742974,-2.06511597978698,0.0389120277923234,0.999992750496548,chr1,91697665,91698090,+,intron (TGFBR3, intron 16 of 17),-130067,LOC102723436,LOC102723436,rna3711,LOC102723436,0.384976525821596,425
Interval_5786,39.4605094067,-0.909562979705049,0.440501492878117,-2.06483518083494,0.0389385978657833,0.999992750496548,chr1,197761627,197763130,+,intron (DENND1B, intron 2 of 4),12851,DENND1B,DENND1B,XM_006711193,DENND1B,0.376994680851064,1503
Interval_45871,34.2569596769744,0.854411721398547,0.413859228980942,2.06449841290815,0.0389704842222174,0.999992750496548,chr20,47353996,47354911,+,TTS (LOC101927377),1797,LOC101927377,LOC101927377,rna80224,LOC101927377,0.423580786026201,915
Interval_68342,48.9135373867306,0.682928175624222,0.330879655068775,2.06397753733838,0.0390198462104426,0.999992750496548,chr7,7569123,7569474,+,intron (MIOS, intron 1 of 3),1268,MIOS,MIOS,XM_005249781,MIOS,0.420454545454545,351
Interval_14118,22.7192113079869,-0.968555658081297,0.469465337381683,-2.06310366486939,0.0391027800597174,0.999992750496548,chr11,75214447,75214789,+,TTS (SLCO2B1),-26287,TPBGL,TPBGL,NM_001195528,TPBGL,0.459685863874346,342
Interval_71350,42.847544025039,-0.799164733783082,0.387497358356547,-2.06237466281705,0.0391720796391712,0.999992750496548,chr7,127870202,127871461,+,intron (SND1, intron 12 of 23),-126678,SND1-IT1,SND1-IT1,rna34724,SND1-IT1,0.345238095238095,1259
Interval_14291,55.6931425560263,0.700609614717498,0.340292884858041,2.05884297289898,0.0395092835250265,0.999992750496548,chr11,78645179,78646785,+,Intergenic,-71118,NARS2,NARS2,NM_001243251,NARS2,0.477453580901857,1606
Interval_3263,244.652265362847,-0.35431949960492,0.172160290341032,-2.05807912441974,0.0395825385778117,0.999992750496548,chr1,108590496,108592341,+,intron (FAM102B, intron 1 of 10),31069,FAM102B,FAM102B,NM_001010883,FAM102B,0.381906825568797,1845
Interval_23300,324.092329135313,0.329515894799538,0.160126326170036,2.05784959088882,0.0396045739530823,0.999992750496548,chr14,70906962,70908851,+,promoter-TSS (PCNX),252,PCNX,PCNX,XM_006720082,PCNX,0.420127795527157,1889
Interval_8375,20.0596513944617,-1.12363974879782,0.546594079402448,-2.05571152550027,0.0398103303244156,0.999992750496548,chr10,21289838,21290425,+,Intergenic,-31830,RNU6-15P,RNU6-15P,rna43044,RNU6-15P,0.457997698504028,587
Interval_21853,57.2237187824344,0.743164790356359,0.361651583184413,2.05491922311704,0.0398868074132579,0.999992750496548,chr13,112285074,112288548,+,Intergenic,-13811,LOC101928730,LOC101928730,rna57332,LOC101928730,0.332191780821918,3474
Interval_12125,54.9493051883774,-0.664689761331769,0.323484081293192,-2.0547835265171,0.0398999180396236,0.999992750496548,chr11,8732048,8733162,+,intron (ST5, intron 4 of 21),47166,SNORA45,SNORA45,rna47121,SNORA45,0.477453580901857,1114
Interval_77361,35.0793883484898,-0.782189477627777,0.380775005766471,-2.05420383633975,0.0399559672651998,0.999992750496548,chr9,68341925,68343493,+,Intergenic,8363,LOC102723624,LOC102723624,rna39946,LOC102723624,0.447418738049713,1568
Interval_25832,20.0985317909176,1.0149056221569,0.494282717145768,2.05328972054186,0.0400444872285704,0.999992750496548,chr15,64680845,64681724,+,intron (ZNF609, intron 7 of 8),21979,OAZ2,OAZ2,NM_002537,OAZ2,0.395131086142322,879
Interval_46284,32.3744401177148,0.887401778175205,0.432251332255988,2.05297638654742,0.0400748677204896,0.999992750496548,chr20,58976032,58976478,+,Intergenic,-4997,NELFCD,NELFCD,rna80559,NELFCD,0.451901565995526,446
Interval_80293,57.9324654073239,-0.588467373008374,0.287033464958287,-2.05016990995768,0.0403478531991508,0.999992750496548,chrX,16797267,16798204,+,intron (TXLNG, intron 1 of 7),11303,TXLNG,TXLNG,NM_001168683,TXLNG,0.415778251599147,937
Interval_68558,20.2200931801823,1.31602001103671,0.642064036144501,2.04967096263359,0.0403965504369723,0.999992750496548,chr7,20172849,20173665,+,intron (MACC1, intron 1 of 6),31341,MACC1-AS1,MACC1-AS1,rna32147,MACC1-AS1,0.399020807833537,816
Interval_46781,40.5138920929008,-0.828548138738371,0.404298084798697,-2.04934965039696,0.0404279368710249,0.999992750496548,chr21,28065464,28067196,+,Intergenic,-24161,LOC284825,LOC284825,rna81123,LOC284825,0.361223312175418,1732
Interval_11455,30.7894102018837,0.91957215781731,0.448787196961794,2.04901602372493,0.0404605480822471,0.999992750496548,chr10,123287338,123288656,+,Intergenic,133753,BUB3,BUB3,NM_001007793,BUB3,0.395256916996047,1318
Interval_34924,144.931950098531,0.462127904052245,0.225717849034492,2.04736978501698,0.0406217907228825,0.999992750496548,chr19,1354320,1355226,+,promoter-TSS (MUM1),-1551,MUM1,MUM1,NM_032853,MUM1,0.460743801652893,906
Interval_77001,41.3301410455826,-0.846148277106898,0.413328424639459,-2.04715724026235,0.0406426482998202,0.999992750496548,chr9,34709291,34710384,+,exon (CCL21, exon 2 of 4),330,CCL21,CCL21,NM_002989,CCL21,0.580438756855576,1093
Interval_61257,26.2230836059928,-0.847554672887893,0.414309354308024,-2.04570489194837,0.0407854141569589,0.999992750496548,chr5,128271849,128272357,+,exon (FBN2, exon 62 of 65),188312,SLC12A2,SLC12A2,NM_001046,SLC12A2,0.453831041257367,508
Interval_51590,759.050356947336,0.302321666517718,0.147807748129749,2.04537089796087,0.0408183058131246,0.999992750496548,chr3,101848959,101851294,+,intron (NFKBIZ, intron 1 of 11),612,NFKBIZ,NFKBIZ,NM_031419,NFKBIZ,0.572345890410959,2335
Interval_73700,20.5684471119704,-1.04698613234927,0.511949632975471,-2.04509597216457,0.0408453973120268,0.999992750496548,chr8,48071216,48072097,+,Intergenic,36790,UBE2V2,UBE2V2,XM_005251300,UBE2V2,0.461451247165533,881
Interval_23066,42.5061093329198,-0.678093224391738,0.331659955194118,-2.04454355665234,0.040899879033304,0.999992750496548,chr14,64992694,64994039,+,intron (FNTB, intron 1 of 11),6577,FNTB,FNTB,NM_002028,FNTB,0.405,1345
Interval_42464,67.7857431703646,-0.574097536434314,0.280853520097059,-2.04411729016576,0.0409419614474613,0.999992750496548,chr2,181311676,181314069,+,intron (AC104820.2, intron 3 of 5),-7259,MIR4437,MIR4437,rna13031,MIR4437,0.362990810359231,2393
Interval_32771,74.9090012476794,0.656921962978687,0.321450943412687,2.04361497902127,0.0409915983237034,0.999992750496548,chr17,79057786,79059301,+,Intergenic,-16269,ENGASE,ENGASE,rna71451,ENGASE,0.361490683229814,1515
Interval_24700,448.230114368731,0.33880684193919,0.165813482984438,2.04330091764002,0.0410226588237079,0.999992750496548,chr15,30990215,30992328,+,intron (MTMR10, intron 1 of 14),314,MTMR10,MTMR10,NM_017762,MTMR10,0.399034593724859,2113
Interval_5148,44.4495099662704,0.721122202883979,0.352934850538716,2.04321619636957,0.0410310411257201,0.999992750496548,chr1,171654942,171656274,+,Intergenic,-2975,MYOC,MYOC,NM_000261,MYOC,0.513128282070518,1332
Interval_39767,22.2553525103804,-0.979372062545419,0.479677280801861,-2.04173118415831,0.0411782036856086,0.999992750496548,chr2,76197495,76198251,+,Intergenic,-486517,GCFC2,GCFC2,rna10727,GCFC2,0.4332892998679,756
Interval_44193,35.1026197706496,-0.9162900309653,0.448947645173229,-2.04097301949706,0.0412535089552739,0.999992750496548,chr2,239790599,239791519,+,intron (LOC150935, intron 2 of 2),28199,LOC150935,LOC150935,rna14744,LOC150935,0.500542888165038,920
Interval_59140,28.0414091033808,-0.859863316228634,0.42143198807514,-2.04033709011031,0.041316763039887,0.999992750496548,chr5,36836794,36837545,+,Intergenic,39525,LOC646719,LOC646719,rna24015,LOC646719,0.359042553191489,751
Interval_27016,426.937190526072,0.409810550723576,0.200885923877613,2.04001625804925,0.0413487064544346,0.999992750496548,chr15,98647124,98650663,+,promoter-TSS (IGF1R),-21018,IGF1R,IGF1R,XM_006720486,IGF1R,0.395131086142322,3539
Interval_30968,55.3974163979675,0.753527604585449,0.369769955125834,2.03782809863235,0.0415671272534864,0.999992750496548,chr17,34637774,34638811,+,exon (TMEM132E, exon 10 of 10),12306,TMEM132E,TMEM132E,XM_006721692,TMEM132E,0.356949702541915,1037
Interval_55805,12.9541254506894,-1.37679826471797,0.676770837473107,-2.03436405424706,0.0419149032856357,0.999992750496548,chr4,54187337,54187803,+,Intergenic,-41560,PDGFRA,PDGFRA,XM_006714040,PDGFRA,0.488222698072805,466
Interval_23237,78.0097869901126,0.552602018556467,0.272507052089575,2.02784483674507,0.0425760866331125,0.999992750496548,chr14,69191245,69192265,+,promoter-TSS (EXD2),-11,EXD2,EXD2,NM_018199,EXD2,0.357843137254902,1020
Interval_20357,296.519247814636,-0.410149749024923,0.202337795929457,-2.02705454579488,0.0426568346797876,0.999992750496548,chr13,32124837,32126538,+,intron (FRY, intron 7 of 62),64801,FRY,FRY,XM_006719749,FRY,0.635798203178991,1701
Interval_44182,37.5154416602145,-0.811725293392883,0.400479828094548,-2.02688184634669,0.0426744974916961,0.999992750496548,chr2,239438571,239439972,+,Intergenic,37532,LOC101928111,LOC101928111,rna14739,LOC101928111,0.479315263908702,1401
Interval_19334,56.8694404219763,0.663250170374751,0.327402465074441,2.02579467513767,0.0427858298345294,0.999992750496548,chr12,120262545,120263502,+,intron (PXN, intron 1 of 15),2707,PXN,PXN,NM_001243756,PXN,0.437138728323699,957
Interval_48427,197.686763088314,0.491468132650448,0.242609003897104,2.02576213065402,0.0427891663515676,0.999992750496548,chr22,38941112,38942346,+,Intergenic,-15793,APOBEC3A,APOBEC3A,NM_001270406,APOBEC3A,0.434008097165992,1234
Interval_53267,35.0444354684023,-0.811016844790492,0.400399834363368,-2.02551743329265,0.0428142601961226,0.999992750496548,chr3,156978453,156979068,+,intron (LEKR1, intron 1 of 7),19976,LEKR1,LEKR1,NM_001004316,LEKR1,0.418831168831169,615
Interval_23940,26.3044195545261,0.938386210780113,0.463452666459037,2.02477249284109,0.0428907308412023,0.999992750496548,chr14,91286454,91287033,+,intron (CCDC88C, intron 25 of 25),-42435,GPR68,GPR68,XM_005268112,GPR68,0.44390243902439,579
Interval_11101,372.395872979507,-0.350245379882515,0.173217332735268,-2.02199961373267,0.0431763917651893,0.999992750496548,chr10,112374429,112376833,+,promoter-TSS (ACSL5),366,ACSL5,ACSL5,NM_016234,ACSL5,0.607260726072607,2404
Interval_31649,54.6261841648694,-0.689047621123783,0.340775818157277,-2.02199682139937,0.0431766802386485,0.999992750496548,chr17,50055184,50057651,+,promoter-TSS (RP11-1094H24.4),352,ITGA3,ITGA3,NM_005501,ITGA3,0.352708058124174,2467
Interval_31393,322.908386453084,0.38565642462925,0.190740119931847,2.02189463216783,0.0431872384374249,0.999992750496548,chr17,44218330,44222214,+,promoter-TSS (UBTF),-1129,LOC101926967,LOC101926967,rna69555,LOC101926967,0.356949702541915,3884
Interval_9069,28.3717530181277,-0.855301091797343,0.423137024461254,-2.02133361618811,0.0432452415250341,0.999992750496548,chr10,45607116,45608041,+,Intergenic,-12735,MARCH8,MARCH8,NM_145021,MARCH8,0.607260726072607,925
Interval_40504,21.3967585028907,-1.20604895483353,0.596728229713599,-2.02110256357803,0.0432691490390773,0.999992750496548,chr2,105719008,105719368,+,Intergenic,-27049,NCK2,NCK2,NM_001004720,NCK2,0.523545706371191,360
Interval_35750,323.265346724208,0.364931072608747,0.180565573133858,2.02104457829408,0.0432751506547492,0.999992750496548,chr19,16627652,16628997,+,promoter-TSS (MED26),-120,MED26,MED26,NM_004831,MED26,0.460743801652893,1345
Interval_56267,61.0514470053109,-0.6577879660311,0.325478757355961,-2.02098585903014,0.0432812289558934,0.999992750496548,chr4,79603501,79604888,+,Intergenic,7652,LOC101928918,LOC101928918,rna21703,LOC101928918,0.354466858789625,1387
Interval_51507,34.9690473768837,-0.782493257354496,0.387296899771757,-2.02039638792781,0.0433422878015384,0.999992750496548,chr3,99516592,99517288,+,Intergenic,-121656,COL8A1,COL8A1,NM_020351,COL8A1,0.416068866571019,696
Interval_35383,175.072469669328,0.451663856507382,0.223611070075532,2.01986357989709,0.0433975399540784,0.999992750496548,chr19,10095767,10096752,+,exon (ANGPTL6, exon 2 of 6),6629,ANGPTL6,ANGPTL6,NM_031917,ANGPTL6,0.460743801652893,985
Interval_35043,49.8604705203832,0.669431972292769,0.331845533917132,2.01729992985212,0.0436642229467353,0.999992750496548,chr19,3284561,3285718,+,intron (CELF5, intron 9 of 11),59648,CELF5,CELF5,NM_021938,CELF5,0.460743801652893,1157
Interval_41760,73.0921363517911,-0.522849070188382,0.259215320970303,-2.01704539774593,0.0436907759500336,0.999992750496548,chr2,157463642,157464986,+,Intergenic,-20222,CYTIP,CYTIP,NM_004288,CYTIP,0.430483271375465,1344
Interval_41397,77.3268567686537,0.598146318415688,0.29654606494361,2.01704351912216,0.0436909719803303,0.999992750496548,chr2,142885348,142888350,+,intron (KYNU, intron 2 of 13),9223,KYNU,KYNU,NM_001199241,KYNU,0.375291375291375,3002
Interval_28188,432.199044852344,0.322772456393116,0.160048829114535,2.0167123882058,0.0437255363763764,0.999992750496548,chr16,29804718,29806067,+,promoter-TSS (MAZ),-1145,MAZ,MAZ,NM_001276276,MAZ,0.502525252525253,1349
Interval_45043,46.7468843583456,-0.724258782607094,0.359197314389911,-2.01632571734906,0.0437659274153642,0.999992750496548,chr20,23009607,23010425,+,exon (RP4-753D10.5, exon 4 of 5),20769,RP4-753D10.5,RP4-753D10,rna79229,RP4-753D10.5,0.52014652014652,818
Interval_40067,30.751024423963,-0.865398956744199,0.42936031459441,-2.0155541332731,0.0438466200639283,0.999992750496548,chr2,91578884,91580066,+,exon (LOC101926969, exon 2 of 2),1360,LOC101926969,LOC101926969,rna10988,LOC101926969,0.404902789518174,1182
Interval_25249,40.7659169726942,-0.757621218161668,0.375895679667612,-2.01550924669206,0.0438513181891384,0.999992750496548,chr15,48924931,48926189,+,intron (SHC4, intron 1 of 11),37947,SHC4,SHC4,XM_006720503,SHC4,0.355243351731059,1258
Interval_21928,585.573838903246,0.287758841644749,0.14281847202852,2.01485730492401,0.0439196026432716,0.999992750496548,chr13,114280959,114282597,+,promoter-TSS (UPF3A),141,UPF3A,UPF3A,NM_023011,UPF3A,0.371356783919598,1638
Interval_17600,125.950421653531,0.527249279462006,0.261804808417249,2.01390219931219,0.0440198026036634,0.999992750496548,chr12,57005406,57008524,+,promoter-TSS (ZBTB39),-452,ZBTB39,ZBTB39,NM_014830,ZBTB39,0.437138728323699,3118
Interval_16497,28.3438910573938,-0.913893208790201,0.454138746493613,-2.01236563901744,0.0441814078292061,0.999992750496548,chr12,19886786,19888413,+,Intergenic,-127086,RP11-664H17.1,RP11-664H17,rna52210,RP11-664H17.1,0.437138728323699,1627
Interval_15692,11.3281604525262,1.62898295904115,0.809640804951293,2.01198228779878,0.0442218041303727,0.999992750496548,chr11,130829937,130830513,+,Intergenic,31933,RP11-890B15.2,RP11-890B15,rna51315,RP11-890B15.2,0.477453580901857,576
Interval_31972,22.4509986237275,-0.938650799760201,0.466639929102712,-2.01150981992712,0.0442716341362986,0.999992750496548,chr17,60230806,60231990,+,TTS (SCARNA20),247,SCARNA20,SCARNA20,rna70461,SCARNA20,0.363976377952756,1184
Interval_27188,182.126345989343,0.49395076723096,0.245603256110045,2.01117352861821,0.0443071308021194,0.999992750496548,chr16,380948,384748,+,promoter-TSS (TMEM8A),607,LOC100134368,LOC100134368,rna63284,LOC100134368,0.448529411764706,3800
Interval_8904,305.574983777028,0.420178103643519,0.209154073458893,2.00894057043598,0.0445434366974337,0.999992750496548,chr10,35640331,35642752,+,promoter-TSS (FZD8),-107,FZD8,FZD8,NM_031866,FZD8,0.437714285714286,2421
Interval_30384,21.5951624701143,1.21789741934835,0.606593934865378,2.00776392467333,0.0446683840592159,0.999992750496548,chr17,16428245,16429296,+,intron (TRPV2, intron 9 of 13),-10217,FAM211A-AS1,FAM211A-AS1,rna67894,FAM211A-AS1,0.356949702541915,1051
Interval_3519,86.5906098761384,-0.512273275623791,0.255149665242522,-2.00773642064892,0.0446713082289998,0.999992750496548,chr1,114032515,114035248,+,Intergenic,54440,OLFML3,OLFML3,NM_001286353,OLFML3,0.442574981711778,2733
Interval_20055,82.7505465906881,0.564694088205296,0.2812914435627,2.00750538677308,0.0446958776385765,0.999992750496548,chr13,24541006,24542370,+,exon (LOC101927375, exon 1 of 4),124,LOC101927375,LOC101927375,XM_006719904,LOC101927375,0.404761904761905,1364
Interval_60464,36.0246320992419,-0.82152846184242,0.409281793891939,-2.00724408977577,0.0447236791299878,0.999992750496548,chr5,90096421,90097310,+,Intergenic,-80204,MIR3660,MIR3660,rna24936,MIR3660,0.426966292134831,889
Interval_44425,23.867328116719,-1.00230829860791,0.49958018073737,-2.00630116496721,0.0448241258174322,0.999992750496548,chr20,3121469,3122547,+,exon (UBOX5, exon 3 of 5),15097,UBOX5-AS1,UBOX5-AS1,rna78766,UBOX5-AS1,0.556070435588508,1078
Interval_24315,446.163568159764,0.366006085200319,0.182458645724979,2.00596734534576,0.0448597321010387,0.999992750496548,chr14,102086505,102088807,+,promoter-TSS (HSP90AA1),-481,HSP90AA1,HSP90AA1,NM_001017963,HSP90AA1,0.433281004709576,2302
Interval_30853,121.497403068019,0.508938214250329,0.253964102897304,2.0039769732974,0.0450725271147175,0.999992750496548,chr17,31094580,31096088,+,promoter-TSS (MIR4733),357,NF1,NF1,NM_001042492,NF1,0.363976377952756,1508
Interval_29925,104.243705599458,0.49397375177978,0.246514760949426,2.00383031781664,0.0450882399813514,0.999992750496548,chr17,3723202,3724447,+,promoter-TSS (GSG2),-79,GSG2,GSG2,NM_031965,GSG2,0.352708058124174,1245
Interval_5973,26.786403068525,0.884531773551311,0.441652008805746,2.0027799170282,0.0452009164004063,0.999992750496548,chr1,202009306,202010111,+,promoter-TSS (ELF3),636,LOC102723465,LOC102723465,rna7310,LOC102723465,0.531017369727047,805
Interval_55508,511.843717065464,0.397485734484681,0.198535007689696,2.00209393350889,0.0452746298659225,0.999992750496548,chr4,39976393,39978322,+,promoter-TSS (PDS5A),-87,PDS5A,PDS5A,NM_001100400,PDS5A,0.695854922279793,1929
Interval_13495,193.538137451696,0.386403647451252,0.193077890763314,2.00128376130299,0.0453618187139908,0.999992750496548,chr11,63023596,63024352,+,Intergenic,-8129,SLC22A8,SLC22A8,NM_001184732,SLC22A8,0.459685863874346,756
Interval_62167,632.49988730837,0.26074133774995,0.130338214838022,2.00049799726034,0.0454465159625347,0.999992750496548,chr5,151252247,151253784,+,promoter-TSS (GM2A),-37,GM2A,GM2A,NM_001167607,GM2A,0.565019505851756,1537
Interval_6238,30.9406507048673,-0.80906613161932,0.404443616449546,-2.00044233290613,0.0454525210570137,0.999992750496548,chr1,206748492,206748937,+,Intergenic,23780,IL10,IL10,NM_000572,IL10,0.468609865470852,445
Interval_25034,106.774707964013,0.578740383041504,0.289379152660066,1.99993806644859,0.0455069520151648,0.999992750496548,chr15,40952831,40953960,+,promoter-TSS (CHAC1),-43,CHAC1,CHAC1,NM_001142776,CHAC1,0.395131086142322,1129
Interval_30924,364.797746842046,0.339601387290998,0.169855672840054,1.99935263634548,0.0455702127428294,0.999992750496548,chr17,32876637,32878505,+,promoter-TSS (MYO1D),-658,LOC102724715,LOC102724715,rna68570,LOC102724715,0.352708058124174,1868
Interval_7870,188.604834802534,0.439119448563443,0.219754375341886,1.99822846703405,0.0456918966335385,0.999992750496548,chr10,6163339,6164598,+,intron (PFKFB3, intron 1 of 14),11721,MIR3155A,MIR3155A,rna42696,MIR3155A,0.395256916996047,1259
Interval_1018,20.7927911985238,1.09622435010146,0.548781081403339,1.99756221059625,0.0457641436078754,0.999992750496548,chr1,27197543,27198447,+,Intergenic,-36521,WDTC1,WDTC1,NM_001276252,WDTC1,0.479558011049724,904
Interval_13772,334.643094582286,0.397610338003309,0.199104846366309,1.99698975318659,0.0458262961271989,0.999992750496548,chr11,67401311,67402334,+,promoter-TSS (PPP1CA),83,PPP1CA,PPP1CA,NM_206873,PPP1CA,0.477453580901857,1023
Interval_72940,12.716922620055,-1.59282506170625,0.79777872540338,-1.99657500380305,0.0458713704695084,0.999992750496548,chr8,22002136,22002720,+,intron (XPO7, intron 25 of 27),-21697,NPM2,NPM2,NM_001286681,NPM2,0.473504273504273,584
Interval_29785,187.849810582609,0.380252680245341,0.190460350112053,1.99649260342968,0.0458803300643003,0.999992750496548,chr17,751416,752886,+,promoter-TSS (GEMIN4),-182,DBIL5P,DBIL5P,rna66847,DBIL5P,0.363976377952756,1470
Interval_46833,48.6670364566989,0.742078804886633,0.371815572566565,1.99582497248358,0.0459529775872939,0.999992750496548,chr21,29322122,29324488,+,intron (BACH1, intron 2 of 7),18066,BACH1,BACH1,rna81155,BACH1,0.426277989015632,2366
Interval_34973,421.765427711522,0.327508183921808,0.164268801923431,1.99373332055144,0.0461812059456959,0.999992750496548,chr19,2235187,2237085,+,promoter-TSS (SF3A2),-214,MIR6789,MIR6789,rna73544,MIR6789,0.460743801652893,1898
Interval_22890,60.2630957739644,0.611743923872567,0.306868930010356,1.99350231987292,0.0462064697647487,0.999992750496548,chr14,59630427,59632780,+,promoter-TSS (RTN1),-789,RTN1,RTN1,NM_021136,RTN1,0.377077363896848,2353
Interval_10417,285.776701627626,0.364916339351327,0.183155462285917,1.9923857841688,0.0463287458954841,0.999992750496548,chr10,91797928,91799798,+,promoter-TSS (TNKS2-AS1),-667,TNKS2-AS1,TNKS2-AS1,rna44905,TNKS2-AS1,0.457997698504028,1870
Interval_53033,53.7838686579712,-0.6377075547435,0.320106353214702,-1.9921740019817,0.0463519696903521,0.999992750496548,chr3,150699220,150699515,+,intron (FAM194A, intron 3 of 14),4622,FAM194A,FAM194A,XM_006713498,FAM194A,0.483108108108108,295
Interval_7184,26.3959285018662,0.917188812071746,0.460593303883675,1.99132033474674,0.0464456812742716,0.999992750496548,chr1,233107093,233108078,+,intron (PCNXL2, intron 21 of 29),-92843,LOC101927736,LOC101927736,rna8499,LOC101927736,0.412778904665314,985
Interval_32614,765.935570544305,0.316607403082796,0.159095334719805,1.99004831688118,0.0465856132747345,0.999992750496548,chr17,76736457,76738250,+,promoter-TSS (SRSF2),42,SRSF2,SRSF2,NM_003016,SRSF2,0.497792494481236,1793
Interval_61851,29.569699022859,-0.860979247988779,0.432689703341743,-1.98983068314147,0.0466095902163654,0.999992750496548,chr5,143392757,143394061,+,intron (NR3C1, intron 2 of 8),10836,NR3C1,NR3C1,XM_005268421,NR3C1,0.310344827586207,1304
Interval_24809,58.7250816307614,0.640580007057858,0.322370179929004,1.98709448621747,0.046911927157573,0.999992750496548,chr15,34161422,34162478,+,intron (KATNBL1, intron 2 of 9),48123,KATNBL1,KATNBL1,NM_024713,KATNBL1,0.399034593724859,1056
Interval_71004,47.0264003313699,0.686683471296717,0.345860364243194,1.98543557542162,0.0470960312132346,0.999992750496548,chr7,108211094,108212309,+,intron (NRCAM, intron 11 of 33),46387,LOC102724363,LOC102724363,rna34469,LOC102724363,0.522203947368421,1215
Interval_46146,436.149699658577,0.403798448714793,0.203480238922692,1.98446026431199,0.0472045535638791,0.999992750496548,chr20,53592567,53594808,+,intron (ZNF217, intron 3 of 6),15100,ZNF217,ZNF217,XM_006723875,ZNF217,0.6971454058876,2241
Interval_23433,30.2192306753133,0.850072393397397,0.428583296148663,1.98344732759378,0.0473174850676107,0.999992750496548,chr14,74217577,74218247,+,Intergenic,-21560,VSX2,VSX2,NM_182894,VSX2,0.418152350081037,670
Interval_61910,25.8863818774465,-0.833792931281852,0.420548967360875,-1.98262983859944,0.0474087918578883,0.999992750496548,chr5,146076039,146076901,+,intron (SH3RF2, intron 10 of 10),27712,PLAC8L1,PLAC8L1,NM_001029869,PLAC8L1,0.466975666280417,862
Interval_25243,43.202626020765,-0.70959967706584,0.358036570481151,-1.9819195455711,0.0474882459845783,0.999992750496548,chr15,48723305,48723750,+,Intergenic,-60351,LOC101928472,LOC101928472,rna61284,LOC101928472,0.355243351731059,445
Interval_24457,51.6801066621288,0.66481684763376,0.335452667407146,1.98184993660181,0.047496038537412,0.999992750496548,chr14,105090395,105090899,+,Intergenic,-4474,LOC102723354,LOC102723354,rna60211,LOC102723354,0.491860465116279,504
Interval_39814,93.7863164648627,-0.534463567570287,0.269745293104359,-1.98136383185568,0.0475504867423705,0.999992750496548,chr2,85053635,85054686,+,exon (KCMF1, exon 7 of 7),13187,LOC100996478,LOC100996478,rna10781,LOC100996478,0.370722433460076,1051
Interval_43059,45.2928761496984,0.736662751348654,0.371804494493457,1.98131749954308,0.0475556791258945,0.999992750496548,chr2,204325054,204326335,+,Intergenic,-387740,LOC101927840,LOC101927840,rna13603,LOC101927840,0.381435257410296,1281
Interval_3999,73.8602307675341,0.646072944393991,0.32618380530948,1.98070208844674,0.0476246924290505,0.999992750496548,chr1,124456424,124457618,+,Intergenic,2937909,EMBP1,EMBP1,rna4593,EMBP1,0.393305439330544,1194
Interval_71608,69.5042149436621,0.548859232148628,0.277115803268535,1.98061325148159,0.0476346617162115,0.999992750496548,chr7,134355646,134358484,+,Intergenic,-39990,SLC35B4,SLC35B4,NM_032826,SLC35B4,0.443818245861219,2838
Interval_31179,130.822108130629,0.443282888680106,0.223919440733779,1.97965342905233,0.0477424849362681,0.999992750496548,chr17,40121230,40124952,+,exon (MSL1, exon 1 of 9),1108,MSL1,MSL1,XM_005257299,MSL1,0.363976377952756,3722
Interval_76066,482.785799862996,-0.322952288272534,0.163150999053471,-1.97946865263565,0.0477632656270973,0.999992750496548,chr8,138253407,138255763,+,intron (FAM135B, intron 6 of 20),170905,FAM135B,FAM135B,NM_015912,FAM135B,0.463725074246924,2356
Interval_65219,41.4611376561497,0.720930215216994,0.364350571134359,1.97867184061897,0.0478529653779326,0.999992750496548,chr6,52815248,52816113,+,Intergenic,-11854,GSTA1,GSTA1,NM_145740,GSTA1,0.471131639722864,865
Interval_3165,60.4349124034657,0.645331366219646,0.326237492704262,1.97810300977468,0.0479170871130933,0.999992750496548,chr1,100716908,100718905,+,Intergenic,-1734,VCAM1,VCAM1,NM_001078,VCAM1,0.386886886886887,1997
Interval_32006,27.3850506423479,-0.9126441316626,0.461399935408957,-1.97798929220414,0.0479299146384964,0.999992750496548,chr17,61816138,61816945,+,intron (BRIP1, intron 6 of 19),47018,BRIP1,BRIP1,NM_032043,BRIP1,0.352708058124174,807
Interval_32899,297.224543892681,0.374483447683925,0.189393911452575,1.977272895479,0.0480107917157191,0.999992750496548,chr17,81869534,81872271,+,promoter-TSS (ARHGDIA),504,ARHGDIA,ARHGDIA,NM_001185078,ARHGDIA,0.361490683229814,2737
Interval_57887,22.386312171323,-0.935238594034266,0.473357287878664,-1.9757561951259,0.048182396915083,0.999992750496548,chr4,154416231,154417083,+,intron (DCHS2, intron 1 of 7),-25360,DCHS2,DCHS2,NM_001142553,DCHS2,0.524032825322392,852
Interval_35803,117.764636835882,0.453236834841973,0.229433963376416,1.97545658965224,0.0482163562871451,0.999992750496548,chr19,17390759,17392170,+,Intergenic,-14136,PLVAP,PLVAP,NM_031310,PLVAP,0.460743801652893,1411
Interval_56487,60.1644404497223,-0.664320025992491,0.336319428600328,-1.97526508877948,0.0482380728621774,0.999992750496548,chr4,86554535,86555374,+,Intergenic,-12447,MIR4452,MIR4452,rna21866,MIR4452,0.41547619047619,839
Interval_46831,101.554089078197,0.514169739127302,0.26037107055604,1.97475755670266,0.0482956677453808,0.999992750496548,chr21,29305705,29308629,+,intron (BACH1, intron 2 of 5),1928,BACH1,BACH1,rna81155,BACH1,0.363418803418803,2924
Interval_15416,362.966355528777,-0.295825954426328,0.14986401699185,-1.9739625319293,0.0483860034883694,0.999992750496548,chr11,123301102,123303374,+,Intergenic,79223,MIR4493,MIR4493,rna51025,MIR4493,0.470115967885816,2272
Interval_61947,32.9673123875544,0.832521348336656,0.42184001037692,1.97354761961244,0.0484332047835181,0.999992750496548,chr5,147627931,147628681,+,intron (JAKMIP2, intron 16 of 20),-38292,LOC101927012,LOC101927012,rna26218,LOC101927012,0.411451398135819,750
Interval_15317,31.6402840087467,-0.751620696229301,0.381341454409954,-1.97099131903264,0.048724868770658,0.999992750496548,chr11,121300303,121301878,+,intron (SC5D, intron 1 of 4),8411,SC5D,SC5D,NM_006918,SC5D,0.473802395209581,1575
Interval_13799,62.1462131891421,0.681869455463794,0.345993286965906,1.97075920588883,0.0487514248565544,0.999992750496548,chr11,67989355,67991490,+,TTS (UNC93B1),13701,UNC93B1,UNC93B1,NM_030930,UNC93B1,0.44578313253012,2135
Interval_54254,35.9617489054308,-0.744006820113129,0.377711471563152,-1.96977554595859,0.0488641003823673,0.999992750496548,chr3,192993194,192993935,+,Intergenic,-75403,MB21D2,MB21D2,NM_178496,MB21D2,0.390835579514825,741
Interval_56792,51.6912602437514,0.668310769860904,0.339347092321116,1.96940178650035,0.0489069707706488,0.999992750496548,chr4,102298724,102300338,+,intron (SLC39A8, intron 6 of 8),25465,LOC101929375,LOC101929375,rna22110,LOC101929375,0.409287925696594,1614
Interval_7204,38.1784969059574,0.772592722939581,0.392339709195809,1.96919329048591,0.0489308990783487,0.999992750496548,chr1,233791037,233791900,+,Intergenic,167273,MIR4427,MIR4427,rna8503,MIR4427,0.417824074074074,863
Interval_20716,772.800085206759,0.287613781534844,0.146213327800358,1.96708320548969,0.0491736191005549,0.999992750496548,chr13,45340421,45342448,+,promoter-TSS (TPT1),89,TPT1-AS1,TPT1-AS1,rna56446,TPT1-AS1,0.404761904761905,2027
Interval_46402,155.312046036863,0.422273608760001,0.214751713008317,1.9663340647888,0.0492600343453112,0.999992750496548,chr20,63552990,63554213,+,promoter-TSS (C20orf195),-541,C20orf195,C20orf195,XM_005260232,C20orf195,0.69281045751634,1223
Interval_2789,17.7946031697504,-1.05806728673314,0.53835361090025,-1.96537603781241,0.0493707307822094,0.999992750496548,chr1,87733386,87733851,+,Intergenic,-225820,LOC101927871,LOC101927871,rna3638,LOC101927871,0.36480686695279,465
Interval_34283,17.1091798973049,-1.16503826173297,0.592916177690169,-1.96492911742031,0.0494224421082319,0.999992750496548,chr18,56619643,56620119,+,intron (TXNL1, intron 4 of 8),18808,TXNL1,TXNL1,rna72910,TXNL1,0.461273666092943,476
Interval_28531,1104.03845519062,0.422439160687156,0.21528427727099,1.96223879440768,0.0497346892755195,0.999992750496548,chr16,53130141,53132031,+,promoter-TSS (CHD9),76093,CHD9,CHD9,NM_025134,CHD9,0.584623065401897,1890
Interval_15239,321.4561415853,0.344197795972854,0.175476069739067,1.96150846371631,0.0498197386595099,0.999992750496548,chr11,119106626,119108828,+,exon (C2CD2L, exon 1 of 14),666,C2CD2L,C2CD2L,XM_005271738,C2CD2L,0.473802395209581,2202
Interval_51714,50.3841826384519,-0.832517613278076,0.424757318393521,-1.95998415383812,0.0499976424545314,0.999992750496548,chr3,107931039,107931670,+,Intergenic,48149,LINC00636,LINC00636,rna17760,LINC00636,0.401898734177215,631
